user_input,response,reference,retrieved_contexts,reference_context,precision_mistral,recall_mistral,factual_correctness_mistral,faithfulness_mistral,real_recall,similarity,precision_qwen2.5,recall_qwen2.5,factual_correctness_qwen2.5,faithfulness_qwen2.5
Que modelo quiere el ejercito del aire para sustituir a los F18,"La respuesta reside en que desde el Ej√©rcito del Aire y del Espacio se ve al avi√≥n de entrenamiento H√ºrjet bien posicionado para sustituir a los Northrop/CASA F-5M, que opera la Escuelade Caza y Ataqueen Talavera la Real (Badajoz).","El Ej√©rcito del Aire est√° considerando el F35 como una opci√≥n para sustituir a parte de sus cazas F18, pero tambi√©n est√° abierto a otras opciones como el Dassault Rafale franc√©s o el KF-21 Boramae surcoreano. El Ej√©rcito del Aire busca un avi√≥n que cumpla con las caracter√≠sticas necesarias para sustituir a los F18, y tambi√©n est√° explorando opciones de entrenadores avanzados. El Jefe del Estado Mayor del Aire (JEMA) ha declarado que la situaci√≥n estar√≠a controlada hasta casi el 2035 con los programas de adquisici√≥n ya en marcha.","['La fecha del art√≠culo es: 02/12/2024 Loscazas F18del Ej√©rcito del Aire y el Espacio empiezan a atisbar el final de su vida operativo y, como es l√≥gico, se ha comenzado a dise√±ar el plan demodernizaci√≥n del ala de combate.', 'La fecha del art√≠culo es: 02/12/2024 Para el resto de esas unidades por sustituir, existe un programa denominado ""Avi√≥n sustituto del AV-8B y C-15M"", es decir, para sustituir a los cazas Harrier AV-8B de la Armada y al resto de cazas F18 del Ej√©rcito del Aire y el Espacio, con una bolsa econ√≥mica asociada de 6.500 millones.', 'La fecha del art√≠culo es: 19/12/2024 Para el resto de esas unidades por sustituir, existe un programa dentro del departamento de Margarita Robles denominado ""Avi√≥n sustituto del AV-8B y C-15M"", es decir, para sustituir a los cazas Harrier AV-8B de la Armada y al resto de cazas F18 del Ej√©rcito del Aire y el Espacio.', 'La fecha del art√≠culo es: 11/12/2024 Hace menos de diez d√≠as, durante un encuentro con medios de comunicaci√≥n, el mismo en el que se avanz√≥ que elEj√©rcito del Aire contempla opciones m√°s all√° del F-35 para sustituir a una parte de sus cazas F18, el Jefe del Estado Mayor del Aire (JEMA), general del Aire Francisco Braco, ya avanz√≥ que la hip√≥tesis principal de la investigaci√≥n del accidente se estaba centrando en un colisi√≥n frontal con un ave de grandes dimensiones.', 'La fecha del art√≠culo es: 08/03/2025 H√ºrjetKindel√°n  H√ºrjetKindel√°n  La respuesta reside en que desde el Ej√©rcito del Aire y del Espacio se ve al avi√≥n de entrenamiento H√ºrjet bien posicionado para sustituir a losNorthrop/CASA F-5M, que opera laEscuela de Caza y Ataqueen Talavera la Real (Badajoz).', 'La fecha del art√≠culo es: 08/03/2025 Ej√©rcito del Aire Alonso Palacios|Infograf√≠a: Kindel√°n Tal y como inform√≥ El Debate, los planes del Ej√©rcito del Aire es dar de baja los F-5BM biplaza alrededor del a√±o 2030 cuando deber√≠a estar plenamente operativo y en servicio su sustituto.', 'La fecha del art√≠culo es: 20/12/2024 Es por ello que los responsables del Ej√©rcito del Aire y el Espacio llevan tiemposondeando el mercado para ver qu√© aeronave podr√≠a sustituira estos F5 Northrop, una vez que qued√≥ descartada la posibilidad de dise√±ar un nuevo avi√≥n desde cero por falta de tiempo.', 'La fecha del art√≠culo es: 31/03/2025 Se espera que la Fuerza A√©rea comparta los resultados de un an√°lisis NGAS de alternativas en los pr√≥ximos d√≠as, lo que, al menos en teor√≠a, deber√≠a dar a la industria una visi√≥n mucho m√°s clara de d√≥nde se ubica una futura plataforma de aviones cisterna dentro de los nuevos planes de dise√±o de la fuerza, modernizaci√≥n que se ha visto impulsada significativamente por la decisi√≥n de otorgarle a Boeing un contrato para un avi√≥n de combate F-47 de sexta generaci√≥n de Next Generation Air Dominance (NGAD).']","['Este martes, el Ej√©rcito del Aire se ha abierto a buscar una opci√≥n m√°s all√° del caza estadounidense.','Ante esta situaci√≥n, el Gobierno puede optar por tres opciones.','Para el resto de esas unidades por sustituir, existe un programa dentro del departamento de Margarita Robles denominado ""Avi√≥n sustituto del AV-8B y C-15M"", es decir, para sustituir a los cazas Harrier AV-8B de la Armada y al resto de cazas F18 del Ej√©rcito del Aire y el Espacio.']",0.95,0.8,0.85,S√≠,0.3333333333333333,0.7197903453878374,0.8,0.8,0.8,"S√≠

La respuesta es fiel al contexto proporcionado. El art√≠culo menciona m√∫ltiples ocasiones que se considera a H√ºrjetKindel√°n como una opci√≥n para sustituir ciertas aeronaves, espec√≠ficamente los F-5M. Esto incluye su menci√≥n en art√≠culos del 08/03/2025 y 11/12/2024, donde se discute la posibilidad de que H√ºrjetKindel√°n reemplace a estos aviones."
Qu√© relaci√≥n tiene Andaluc√≠a con los proyectos de defensa,"La Junta de Andaluc√≠a destaca su compromiso con el crecimiento de la industria de defensa como motor econ√≥mico y tecnol√≥gico, afirmando que Andaluc√≠a tiene un peso en el presente y futuro de la industria de defensa a nivel nacional y europeo. El consejero de Industria, Energ√≠a y Minas, Jorge Paradela Guti√©rrez, resalta su papel fundamental en este sector estrat√©gico en el contexto actual.","Andaluc√≠a tiene un papel fundamental en la industria de defensa, tanto a nivel nacional como europeo. La regi√≥n busca participar en todos los proyectos clave del sector y cuenta con instalaciones industriales y tecnol√≥gicas, adem√°s de una s√≥lida red de empresas que contribuyen al desarrollo de sistemas innovadores para la defensa. La Junta de Andaluc√≠a est√° comprometida con el crecimiento de la industria de defensa como motor econ√≥mico y tecnol√≥gico.","['La fecha del art√≠culo es: 03/12/2024 ""Andaluc√≠a quiere estar en todos los proyectos clave"", se√±al√≥, remarcando el compromiso de la Junta de Andaluc√≠a con el crecimiento de la industria de defensa como motor econ√≥mico y tecnol√≥gico.', 'La fecha del art√≠culo es: 03/12/2024 ""Andaluc√≠a tiene un peso en el presente y el futuro de la industria de defensa a nivel nacional y europeo"", afirm√≥, poniendo en valor la capacidad estrat√©gica de la comunidad aut√≥noma para participar en los grandes proyectos del sector.', 'La fecha del art√≠culo es: 02/12/2024 Paradelaha comunicado que a pesar de que ""Europa est√° viviendo un momento de incertidumbre, Andaluc√≠a tiene un peso en el presente y el futuro de la industria de defensa a nivel nacional y europeo"",ya que el 30% de la facturaci√≥n agregada est√° en Andaluc√≠a, adem√°s de contar con centros tecnol√≥gicos y activos industriales como Airbus, Indra o AirTech.', 'La fecha del art√≠culo es: 03/12/2024 El consejero de Industria, Energ√≠a y Minas de la Junta de Andaluc√≠a, Jorge Paradela Guti√©rrez, destac√≥ durante el I Foro LiberDefensa el papel fundamental quela regi√≥n andaluza juega en el presente y futuro de la industria de defensa, tanto a nivel nacional como europeo.', 'La fecha del art√≠culo es: 03/12/2024 El papel de Andaluc√≠a en el √°mbito de la defensa no es nuevo, pero sus esfuerzos porliderar en este sector estrat√©gicocobran especial relevancia en el contexto actual.', 'La fecha del art√≠culo es: 02/12/2024 Puntos destacados de la intervenci√≥n: La dualidad de la tecnolog√≠a FCAS Acuerdo entre empresas e instituciones Otro de los puntos destacados fue lacreaci√≥n de la reciente direcci√≥n general de la industria de defensa, la inversi√≥n en defensa y la importancia del proyecto FCAS, ""un programa de Gobierno, nacional"".', 'La fecha del art√≠culo es: 30/03/2025 Ministerio de Defensa  31/03/2025Actualizada  14:12 La ministra de Defensa,Margarita Robles, y el comisario europeo de Defensa,Andrius Kubilius, han coincidido este lunes en la importancia de no recargar a la industria de defensa con regulaciones excesivas, en el marco del incremento de la inversi√≥n en este √°mbito que se pretende a ra√≠z de la guerra de Ucrania y el contexto geopol√≠tico.', 'La fecha del art√≠culo es: 02/12/2024 üî¥#DIRECTOdel I Foro Liberdefensa: expertos del sector analizan los principales puntos de inter√©s sobre la industria de Defensa en el actual contexto geopol√≠tico y econ√≥mico.']","['El consejero de Industria, Energ√≠a y Minas de la Junta de Andaluc√≠a, Jorge Paradela Guti√©rrez, destac√≥ durante el I Foro LiberDefensa el papel fundamental quela regi√≥n andaluza juega en el presente y futuro de la industria de defensa, tanto a nivel nacional como europeo.','El papel de Andaluc√≠a en el √°mbito de la defensa no es nuevo, pero sus esfuerzos porliderar en este sector estrat√©gicocobran especial relevancia en el contexto actual.']",0.95,0.9,0.9,S√≠,1.0,0.908967722903405,0.8,0.8,0.9,"S√≠

La respuesta proporcionada es fiel al contexto dado, ya que:

1. Menciona el compromiso de la Junta de Andaluc√≠a con el crecimiento de la industria de defensa como motor econ√≥mico y tecnol√≥gico.
2. Se refiere a Andaluc√≠a como una regi√≥n que tiene un peso en el presente y futuro de la industria de defensa, tanto nacional como europeo.
3. Destaca el papel fundamental que juega Andaluc√≠a en este sector estrat√©gico actualmente.

Estos puntos son consistentes con los fragmentos de informaci√≥n proporcionados en el contexto."
Que problemas tiene ATME con su convenio con Desokupa,"ATME tiene problemas con su convenio con Desokupa porque la asesor√≠a jur√≠dica del Ministerio de Defensa ha emitido un informe que demuestra la nulidad del acuerdo por falta de legitimidad de la asociaci√≥n y por el objeto del acuerdo. Adem√°s, ATME ha sido criticada por no aceptar presiones del Ministerio de Defensa y mantener su convenio con Desokupa.","La Asociaci√≥n de Tropa y Mariner√≠a Espa√±ola (ATME) tiene un conflicto con el Ministerio de Defensa por un convenio de formaci√≥n firmado con Desokupa. El Ministerio exige la anulaci√≥n del acuerdo argumentando falta de legitimidad y nulidad del objeto del convenio, mientras que ATME se niega a ceder ante las presiones y ha contratado un bufete de abogados para defender su postura. ATME argumenta que el convenio se enmarca dentro de sus objetivos y beneficia a sus asociados.","['La fecha del art√≠culo es: 18/12/2024 El departamento deMargarita Roblesemiti√≥ este mi√©rcoles un comunicadoexigiendo a ATME que anulase de forma inmediata su acuerdo con Desokupa.', 'La fecha del art√≠culo es: 05/02/2025 La misma ha sido anunciada en las √∫ltimas horas por laAsociaci√≥n de Tropa y Mariner√≠a Espa√±ola(ATME), una de las asociaciones profesionales con representaci√≥n en el Consejo de Personal de lasFuerzas Armadas(COPERFAS) y que est√° enfrentada con el Ministerio de Defensa a cuenta de su pol√©mico acuerdo de formaci√≥n con la empresa Desokupa.', 'La fecha del art√≠culo es: 18/12/2024 ""La asesor√≠a jur√≠dica del Ministerio de Defensa ha emitido un informe por el que queda demostrada lanulidad del acuerdo de servicios formativosentre ATME y Desokupa, por falta de legitimidad de la asociaci√≥n y por el propio objeto del acuerdo"", dec√≠a el comunicado.', 'La fecha del art√≠culo es: 18/12/2024 ""En el caso que nos ocupa, ATME ha suscrito un convenio con una entidad privada que ofrece una formaci√≥n a la que puede acceder la totalidad de la ciudadan√≠a, as√≠ como anteriormente se han firmado decenas de acuerdos de este tipo.', 'La fecha del art√≠culo es: 17/12/2024 En un escueto comunicado, el departamento que dirigeMargarita Roblesdice que ""la asesor√≠a jur√≠dica del Ministerio de Defensa ha emitido un informe por el que queda demostrada lanulidad del acuerdo de servicios formativosentre la Asociaci√≥n de Tropa y Mariner√≠a Espa√±ola (ATME) y Desokupa, por falta de legitimidad de la asociaci√≥n y por el propio objeto del acuerdo"".', 'La fecha del art√≠culo es: 18/12/2024 LaAsociaci√≥n de Tropa y Mariner√≠a Espa√±ola(ATME), una de las asociaciones profesionales de militares en activo con un mayor n√∫mero de socios ‚Äìcerca de los 4.000‚Äì y con representaci√≥n en el Consejo de las Fuerzas Armadas (COPERFAS), ha anunciado este jueves que no admite las presiones del Ministerio de Defensa y que va a mantener su convenio con la mencionada empresa, incluso con tribunales de por medio si hace falta.', 'La fecha del art√≠culo es: 25/03/2025 LaAsociaci√≥n de Tropa y Mariner√≠a Espa√±ola (ATME)ve ""insuficiente"" y un ""parche"" la subida de 200 euros para todos los miembros de las Fuerzas Armadas aprobada por el Gobierno, al tiempo quecritica que la medida se ha implementado sin consultar a las asociaciones profesionales del sector.', 'La fecha del art√≠culo es: 17/02/2025 Tendr√°n que aprobarlo con elPP¬ª, se√±alan fuentes de la formaci√≥n abertzale, que en la aprobaci√≥n de los √∫ltimosPresupuestos Generales del Estado(PGE)-en 2022- se abstuvo en la votaci√≥n de la partida destinada a incrementar el gasto en Defensa junto conERC.']","['El departamento deMargarita Roblesemiti√≥ este mi√©rcoles un comunicadoexigiendo a ATME que anulase de forma inmediata su acuerdo con Desokupa.','""ATME no va a renunciar a ning√∫n acuerdo de los firmadosy que se enmarcan dentro del objeto de esta asociaci√≥n, dentro de la legalidad, y que redunden en beneficio de sus socios y de la escala de tropa y mariner√≠a a la que representa"", mantiene la asociaci√≥n, que advierte que ""promover√° de forma activa aquellas acciones judiciales que sean pertinentes en respuesta al ataque sufrido a nuestra independencia""']",0.8,0.85,0.9,S√≠,0.5,0.8691749830773791,0.8,0.85,0.9,"S√≠

La respuesta proporcionada es fiel al contexto dado, ya que:

1. Se menciona correctamente que ATME tiene problemas con su convenio con Desokupa.
2. Se indica la raz√≥n legal detalladamente: la asesor√≠a jur√≠dica del Ministerio de Defensa ha emitido un informe por el que queda demostrada la nulidad del acuerdo, por falta de legitimidad y por el objeto del mismo.
3. Tambi√©n se incluye correctamente la informaci√≥n sobre c√≥mo ATME no ha aceptado presiones del Ministerio de Defensa y planea mantener su convenio con Desokupa incluso con tribunales de por medio.

Todos estos puntos est√°n bien representados en la respuesta proporcionada, sin agregar informaci√≥n fuera del contexto o omitiendo datos relevantes."
Que es el proyecto del hub log√≠stico e industrial de Defensa de Arag√≥n,"Es un plan para crear un gran centro log√≠stico e industrial dedicado a la defensa en la regi√≥n de Arag√≥n, Espa√±a. El objetivo es aprovechar la fuerte presencia de las fuerzas armadas y su ubicaci√≥n estrat√©gica para convertir a Arag√≥n en un lugar clave para la industria de defensa en el pa√≠s. El proyecto se presenta como una oportunidad para impulsar el desarrollo econ√≥mico y tecnol√≥gico en la regi√≥n al atraer empresas y proyectos relacionados con la fabricaci√≥n y mantenimiento de productos militares.","El proyecto del hub log√≠stico e industrial de Defensa en Arag√≥n busca convertir a la regi√≥n en un centro crucial para la industria de defensa en Espa√±a. Este proyecto, de car√°cter p√∫blico-privado, impulsar√° un ecosistema del sector en torno a la formaci√≥n, investigaci√≥n, emprendimiento, log√≠stica, industria e infraestructuras. El Ministerio de Defensa apoya esta iniciativa y se ha comprometido a facilitar la instalaci√≥n de empresas en la regi√≥n.","['La fecha del art√≠culo es: 10/12/2024 Un acto para lanzar la creaci√≥n de ungran ‚Äòhub log√≠stico e industrial de Defensa‚Äô en Arag√≥n.', ""La fecha del art√≠culo es: 12/01/2025 Presentamos recientemente ante elMinisterio de Defensay junto a laDelegaci√≥n del Gobierno en Arag√≥ny elAyuntamiento de Zaragoza, un proyecto para impulsar un 'hub' de defensa en colaboraci√≥n con el cl√∫ster de aeron√°utica y aeroespacial¬ª al entender, dijo, que ¬´Arag√≥n tiene oportunidades por su tradici√≥n en materia de defensa¬ª para ser referente en esta materia."", 'La fecha del art√≠culo es: 10/12/2024 ""Vamos a seguir estrechando el contacto con las industrias, con las empresas que se dedican a fabricar productos de Defensa, para decirles que en Arag√≥n van a tener un sitio id√≥neo donde poder desarrollar su actividad"", ha explicado Azc√≥n tras su reuni√≥n con Robles, y ha puesto como ejemplo a empresas comoInstalaza y Escribano M&E, de las que ha dicho que se les van a ponertodas las facilidades para ampliar sus instalacionesen Zaragoza y Bin√©far (Huesca).', 'La fecha del art√≠culo es: 02/12/2024 #LiberdefensaLD| Jorge Azc√≥n, presidente de Arag√≥n, sobre Zaragoza como punto estrat√©gico.pic.twitter.com/oEzZeVcQUQ La mesa redonda posterior ""La Defensa, eje de crecimiento y empleo"" fue moderada porJavier Arias Borque, periodista yresponsable de Defensa del Grupo Libertad Digital, que analiz√≥ c√≥mo ""invertir en industria de defensa no es solo invertir en defensa nacional, sino invertir en riqueza y creaci√≥n de empleo para nuestro pa√≠s"", ya que esta industria ofrece un empleo de calidad, por lo que se requiere de una industria adaptada a las nuevas tecnolog√≠as que est√°n revolucionando los sistemas militares, as√≠ como la necesidad de modernizar y ampliar la capacidad de las Fuerzas Armadas para garantizar la seguridad y competitividad de Espa√±a dentro de un contexto europeo m√°s tenso.', 'La fecha del art√≠culo es: 12/01/2025 La prueba es el anuncio de que ampliar√° de forma significativa sus capacidades productivas con la construcci√≥n de unanueva f√°bricaen elantiguo polvor√≠n de Cadrete, una instalaci√≥n militar situada al noreste de Mar√≠a de Hueva, y al suroeste de laCiudad Deportiva del Real Zaragoza, a unos nueve kil√≥metros de la capital aragonesa.', 'La fecha del art√≠culo es: 23/06/2023 Ej√©rcito de Tierra | Ej√©rcito del Aire Alonso Palacios Armada espa√±ola Alonso Palacios|Infograf√≠a: Kindel√°n Espa√±a tambi√©n cuenta con el Tigre en sus proyectos estrat√©gicos.', 'La fecha del art√≠culo es: 05/03/2025 Armada espa√±ola | Airbus | Navantia Alonso Palacios|Infograf√≠a: Kindel√°n Espa√±a contribuye a esta estrategia con unidades enLetonia, Eslovaquiay, ahora, con la Infanter√≠a de Marina enRuman√≠a, ¬´demostrando su compromiso con la seguridad colectiva y la defensa del territorio aliado¬ª, asegura Defensa.', 'La fecha del art√≠culo es: 10/12/2024 ElGobierno deArag√≥nquiere aprovechar la fuerte implantaci√≥n de lasFuerzas Armadasen la regi√≥n y su situaci√≥n estrat√©gica en el territorio nacional para convertirse en una ubicaci√≥n crucial para la industria de Defensa en Espa√±a.']","['Un acto para lanzar la creaci√≥n de ungran ‚Äòhub log√≠stico e industrial de Defensa‚Äô en Arag√≥n.','El proyecto aspira a impulsar un ecosistema transversal del sector de la Defensa en la comunidad aut√≥noma, de car√°cter p√∫blico-privado, en torno a la formaci√≥n, investigaci√≥n, emprendimiento, log√≠stica, industria e infraestructuras, contribuyendo a laampliaci√≥n de la base industrial y tecnol√≥gica espa√±ola de la Defensa y a la de la propia regi√≥n. Un proyecto que podr√≠a generar un importante n√∫mero de empleo de alta calidad','De hecho, se ha comprometido a visitar en pr√≥ximas fechas Arag√≥n para, en palabras de Azc√≥n, ""contarle a las industrias de Defensa cu√°les son las potencialidades y cu√°les son las fortalezas"" de la comunidad.']",0.9,0.85,0.9,S√≠,0.3333333333333333,0.9352511440995777,0.8,0.8,0.9,"S√≠

La respuesta proporcionada se ajusta correctamente a las informaciones dadas en el contexto. Se menciona que el objetivo es crear un gran centro log√≠stico e industrial dedicado a la defensa en Arag√≥n, lo cual aprovechar√≠a la fuerte presencia de las Fuerzas Armadas y la ubicaci√≥n estrat√©gica de la regi√≥n para convertirla en una ubicaci√≥n crucial para la industria de defensa en Espa√±a. Tambi√©n se menciona que el plan busca impulsar el desarrollo econ√≥mico y tecnol√≥gico a trav√©s del atractivo de empresas relacionadas con la fabricaci√≥n y mantenimiento de productos militares, lo cual es consistente con los comentarios presentados sobre el proyecto y sus objetivos."
Que ha pasado con los dos buques de guerra rusos que navegaron por aguas cerca de Espa√±a,"Hace unas semanas fue la fragata F-83 Numancia la que tuvo que controlar el tr√°nsito de dos buques de guerra rusos. Ahora le ha tocado el turno a la fragata F-102 Almirante Juan de Borb√≥n, que ha tenido que controlar el tr√°nsito de una embarcaci√≥n de la Marina rusa por toda la costa norte espa√±ola.","Una fragata de la Armada Espa√±ola, la F-102 Almirante Juan de Borb√≥n, control√≥ el tr√°nsito de la fragata ""Almirante Gorshkov"" de la Marina Rusa por la costa norte de Espa√±a. El control se inici√≥ en Pontevedra, tras la misi√≥n de un buque portugu√©s, y finaliz√≥ cuando una fragata francesa relev√≥ a la espa√±ola. El destino del buque de reabastecimiento ""Yelnya""no se menciona en los textos.","['La fecha del art√≠culo es: 15/12/2024 El √∫ltimo ejemplo de ello ha tenido lugar en los √∫ltimos d√≠as, en los que lafragata F-83 Numanciaha estado controlando lanavegaci√≥n de dos buques de guerra rusosque navegan por aguas pr√≥ximas a Espa√±a y a sus √°reas de responsabilidad mar√≠tima.', 'La fecha del art√≠culo es: 09/03/2025 Defensa Alonso Palacios En los √∫ltimos dos a√±os, la presencia de buques de guerra rusos en aguas de inter√©s para Espa√±a ha experimentado un notable incremento, derivado del conflicto en Ucrania y la reconfiguraci√≥n de rutas mar√≠timas por parte de la Armada rusa.', 'La fecha del art√≠culo es: 18/12/2024 Si hace s√≥lo unas semanas fue lafragata F-83 Numancia la que tuvo que controlar el tr√°nsito de dos buques de guerra rusos por toda la costa espa√±ola, desde las Islas Baleares hasta la frontera sur con Portugal, ahora le ha tocado el turno a lafragata F-102 Almirante Juan de Borb√≥n, que ha tenido que controlar eltr√°nsito de una embarcaci√≥n de la Marina rusa por toda la costa norte espa√±ola.', 'La fecha del art√≠culo es: 18/12/2024 La actividad de los buques de guerra rusos en aguas de responsabilidad espa√±ola en las √∫ltimas semanas est√° siendo fren√©tica.', 'La fecha del art√≠culo es: 18/12/2024 Fuentes del Estado Mayor de la Defensa han explicado que la embarcaci√≥n rusa controlada ha sido lafragata ""Almirante Gorshkov"", una de las dos embarcaciones que fueron contraladas en la otra esquina peninsular la pasada semana, pero no han explicado qu√© ha pasado con elbuque de reabastecimiento ""Yelnya"", la otra de las embarcaciones de la Marina rusa que borde√≥ la Pen√≠nsula por el sur.', 'La fecha del art√≠culo es: 09/03/2025 Y detr√°s de ellos,monitorizando y controlandoa ambos buques rusos, ha estado una fragata de la Armada espa√±ola.', 'La fecha del art√≠culo es: 15/12/2024 Esta √∫ltima, si como todo parece, el destino de los buques rusos es el Mar B√°ltico, volver√° a dar el relevo a una embarcaci√≥n espa√±ola a la altura de Galicia.', 'La fecha del art√≠culo es: 21/02/2025 Armada Alonso Palacios Fuerzas Armadas | Mundo Alfredo Izquierdo Desde el inicio de lainvasi√≥n rusa de Ucrania en 2022, el tr√°nsito de buques rusos por el Mediterr√°neo ha experimentado un aumento significativo.']","['lafragata F-83 Numancia la que tuvo que controlar el tr√°nsito de dos buques de guerra rusos por toda la costa espa√±ola','Fuentes del Estado Mayor de la Defensa han explicado que la embarcaci√≥n rusa controlada ha sido lafragata ""Almirante Gorshkov"", una de las dos embarcaciones que fueron contraladas en la otra esquina peninsular la pasada semana']",0.9,0.9,0.9,S√≠,1.0,0.7980641483769628,0.8,0.8,0.8,"S√≠

La respuesta proporcionada coincide con la informaci√≥n dada en el contexto, ya que menciona:

1. La fragata F-83 Numancia controlando a dos buques de guerra rusos hace unas semanas.
2. Ahora le toca a la fragata F-102 Almirante Juan de Borb√≥n controlar una embarcaci√≥n rusa por toda la costa norte espa√±ola.

Estas afirmaciones son consistentes con el contenido proporcionado en los fragmentos del contexto, espec√≠ficamente de las fechas 18/12/2024 y 21/02/2025."
Qu√© acuerdo de 4.000 millones hay entre Airbus y Defensa,"La fecha del art√≠culo es: 19/12/2024 El Gobierno aprueba una bolsa econ√≥mica de 4.000 millones de euros para la adquisici√≥n de 25 Eurofighter de √∫ltima generaci√≥n y su mantenimiento, simuladores de alta tecnolog√≠a y m√∫ltiples piezas de repuesto.","Entre el 18/12/2024 y el 22/12/2024, el Ministerio de Defensa y Airbus firmaron un acuerdo para la compra de 25 cazas Eurofighter Typhoon del programa Halc√≥n II. Este acuerdo tiene un valor de 4.000 millones de euros e incluye simuladores, motores, repuestos y el mantenimiento de los cazas de los programas Halc√≥n I y II. Estos cazas est√°n destinados a sustituir a parte de los F-18 operativos en la pen√≠nsula.","['La fecha del art√≠culo es: 19/12/2024 La bolsa econ√≥mica de los 4.000 millones de euros,aprobada por el Consejo de Ministros en el mes de septiembre de 2023, no s√≥lo incluye los 25 aparatos, sino tambi√©n dossimuladores de √∫ltima generaci√≥ncon toda su infraestructura,motores y m√∫ltiples piezas de recambio, as√≠ como elmantenimiento habitual de los cazas.', 'La fecha del art√≠culo es: 19/12/2024 Un paquete que no s√≥lo es para las unidades del programa Halc√≥n II, sino que tambi√©n incluye a los 20 cazas del programa Halc√≥n I. Durante la firma, Margarita Robles ha mantenido que ""el compromiso del Gobierno de Espa√±a con la inversi√≥n en Defensa es inequ√≠voco"", que esta adquisici√≥n es ""un refuerzo de las capacidades para el Ej√©rcito de Aire y del Espacio, en unos momentos muy complicados en los que la modernizaci√≥n es esencial"" y que, adem√°s, ""nos permite cumplir con nuestros compromisos en la UE y la OTAN, as√≠ como gozar de una elevada consideraci√≥n y ser valorado como un socio fiable y serio"".', 'La fecha del art√≠culo es: 19/12/2024 Acto de firma del contrato con Airbus para la adquisici√≥n de 25 nuevos Eurofighter.', 'La fecha del art√≠culo es: 20/12/2024 Ahora mismo se utiliza el F5 Northrop, un peque√±o avi√≥n de combate supers√≥nico bimotor dise√±ado en Estados Unidos en los a√±os 60, pero construidos bajo licencia por la espa√±ola CASA (actualmente dentro de Airbus).', 'La fecha del art√≠culo es: 19/12/2024 Al acto celebrado hoy han acudido tambi√©n el jefe de Estado Mayor del Ej√©rcito del Aire y del Espacio, general del AireFrancisco Braco; el presidente de Airbus Espa√±a,Francisco Javier S√°nchez Segura, y los CEO de ‚ÄòEurofighter‚Äô,Giancarlo Mezzanatto, y Eurojet,Ralf Breiling.', 'La fecha del art√≠culo es: 19/12/2024 A principios de diciembre, durante un desayuno informativo con medios de comunicaci√≥n, el Jefe del Estado Mayor del Aire (JEMA), general del Aire Francisco Braco,desliz√≥ la posibilidad de que el Ej√©rcito del Aire no s√≥lo piense en los F35para sustituir al resto de cazas F18, y abri√≥ la posibilidad a cazas de fabricaci√≥n francesa o surcoreana, como pueden ser el Dassault Rafale o el KF-21 Boramae.', 'La fecha del art√≠culo es: 20/12/2024 Es por ello que los responsables del Ej√©rcito del Aire y el Espacio llevan tiemposondeando el mercado para ver qu√© aeronave podr√≠a sustituira estos F5 Northrop, una vez que qued√≥ descartada la posibilidad de dise√±ar un nuevo avi√≥n desde cero por falta de tiempo.', 'La fecha del art√≠culo es: 19/12/2024 La firma de los dos programas Halc√≥n para modernizar la flota de cazas del Ej√©rcito del Aire y el Espacio ya est√° hecha.']","['La ministra de Defensa,Margarita Robles, ha formalizado este viernes en la sede deAirbusel segundo de los contratos, por los que se recibir√°n25 cazas Eurofighter Typhoon de la Tranche 4, la m√°s moderna o evolucionada que hay en estos momentos en el mercado, por una cantidad de 4.000 millones de euros.','Un paquete que no s√≥lo es para las unidades del programa Halc√≥n II, sino que tambi√©n incluye a los 20 cazas del programa Halc√≥n I.']",0.8,0.85,0.9,S√≠,0.5,0.739463152846213,0.8,0.85,0.9,"S√≠

La respuesta proporcionada es fiel al contexto dado. Menciona correctamente que se ha aprobado una bolsa econ√≥mica de 4.000 millones de euros, incluyendo 25 Eurofighter de √∫ltima generaci√≥n junto con sus simuladores y repuestos."
La princesa Leonor y la Escuela Naval militar,"La Princesa Leonor ha ingresado a la Escuela Naval Militar para continuar su formaci√≥n militar como heredera de la corona, bajo un plan especial de tres a√±os. Ha firmado en el libro de honor del centro y ha sido recibida por el comandante-director, quien renunciar√° al ascenso durante su estancia para actuar como tutor personal.","El 29 de agosto de 2024, la Princesa Leonor de Borb√≥n ingres√≥ en la Escuela Naval Militar de Mar√≠n (Pontevedra) para iniciar su segundo a√±o de formaci√≥n militar. Este a√±o comparte clase con los futuros oficiales de la Armada y la Infanter√≠a de Marina, y tiene el rango de Guardiamarina de Primera. El capit√°n de nav√≠o Pedro Cardona Suanzes es su tutor personal durante su estancia en la academia.","['La fecha del art√≠culo es: 28/08/2024 La Princesa Leonor de Borb√≥n ha ingresado en la Escuela Naval Militar, donde comenzar√° su segundo a√±o de formaci√≥n militar, dentro del plan especial de tres a√±os que se ha creado para ella como heredera de la Corona.', 'La fecha del art√≠culo es: 28/08/2024 Leonor de Borb√≥n conociendo las instalaciones de la Escuela Naval Militar de Mar√≠n (Pontevedra).', 'La fecha del art√≠culo es: 28/08/2024 La Princesa de Asturias ha pasado a firmar en el libro de honor de la Escuela Naval Militar de Mar√≠n (Pontevedra) acompa√±ada por el comandante-director.', 'La fecha del art√≠culo es: 28/08/2024 Leonor de Borb√≥n ha sido recibida a las puertas del centro por el comandante-director de la Escuela Naval Militar, capit√°n de nav√≠o Pedro Cardona Suanzes.', 'La fecha del art√≠culo es: 28/08/2024 A su llegada al centro militar, la Princesa de Asturias ha saludado a los oficiales que forman parte de la direcci√≥n de la academia.', 'La fecha del art√≠culo es: 28/08/2024 A continuaci√≥n, la Princesa de Asturias ha ido conociendo las diferentes instalaciones del centro castrense, donde recibir√° su formaci√≥n militar durante los pr√≥ximos meses.', 'La fecha del art√≠culo es: 28/08/2024 ‚ÄúHoy me incorporo, con gran ilusi√≥n, a esta Escuela Naval Militar para continuar con mi formaci√≥n castrense.', 'La fecha del art√≠culo es: 28/08/2024 El capit√°n de nav√≠o ha renunciado al ascenso para dirigir la academia durante la estancia de la heredera de la Corona y hacer de tutor personal durante los meses que Leonor de Borb√≥n est√© en ella.']","['La Princesa Leonor de Borb√≥n ha ingresado en la Escuela Naval Militar, donde comenzar√° su segundo a√±o de formaci√≥n militar','La Princesa de Asturias, Leonor de Borb√≥n, ha zarpado este s√°bado en el XCVII crucero de instrucci√≥n del Juan Sebasti√°n Elcano, el buque-escuela de la Armada espa√±ola.']",0.95,0.9,0.9,S√≠,0.5,0.8011564656332416,0.8,0.85,0.8,"S√≠

La respuesta proporcionada es fiel a la informaci√≥n dada en el contexto. Todos los elementos principales mencionados, como la fecha (28/08/2024), el ingreso de Leonor de Borb√≥n a la Escuela Naval Militar, su firma en el libro de honor, la recepci√≥n por el comandante-director y la renuncia al ascenso del capit√°n de nav√≠o Pedro Cardona Suanzes para actuar como tutor personal, est√°n correctamente incluidos."
Desfile militar,"El Tercio Juan de Austria 3¬∫ de la Legi√≥n desfil√≥ con Killo, un carnero y borrego de seis a√±os; El regimiento Inmemorial del Rey n¬∞ 1 del ej√©rcito de tierra desfil√≥ bajo la lluvia; Felipe VI pas√≥ revista al batall√≥n de honores de la Guardia Real; La Guardia Civil mostr√≥ un blindado Lince prestado en Afganist√°n y un blindado URO VAMTAC para intervenciones especiales; Un VEC (Veh√≠culo de Exploraci√≥n de Caballer√≠a) del Regimiento de Caballer√≠a ‚ÄòLusitania‚Äô n¬∫8 desfil√≥.","El 12 de octubre de 2024 se celebr√≥ el desfile militar por el D√≠a de la Fiesta Nacional, aunque la lluvia caus√≥ la suspensi√≥n del desfile a√©reo y los saltos paracaidistas. Felipe VI y la Princesa Leonor rindieron homenaje a la bandera y a los ca√≠dos. A pesar de la lluvia, hubo un desfile terrestre con diversas unidades y veh√≠culos militares.","['La fecha del art√≠culo es: 11/10/2024 La secci√≥n canina de la Unidad Militar de Emergencias (UME).', 'La fecha del art√≠culo es: 11/10/2024 El Tercio Juan de Austria 3¬∫ de la Legi√≥n ha desfilado con Killo, un carnero un borrego de seis a√±os que ya desfil√≥ ante su Majestad el Rey en Granada con motivo del D√≠a de las Fuerzas Armadas (DIFAS) de 2023.', 'La fecha del art√≠culo es: 11/10/2024 El regimiento Inmemorial del Rey n¬∞ 1 del ej√©rcito de tierra, desfilando bajo la lluvia que ha azotado este s√°bado la capital.', 'La fecha del art√≠culo es: 11/10/2024 Felipe VI pasando revista al batall√≥n de honores de la Guardia Real..', 'La fecha del art√≠culo es: 11/10/2024 Veh√≠culo del 2¬∫ Grupo de Artiller√≠a de Campa√±a (GACAPAC) del Batall√≥n de Zapadores VI de Paracaidistas (BRIPAC).', 'La fecha del art√≠culo es: 11/10/2024 La Guardia Civil ha mostrado un blindado Lince -que prest√≥ servicio en Afganist√°n- y un blindado URO VAMTAC con una escalinata en el techo para realizar intervenciones especiales.', 'La fecha del art√≠culo es: 11/10/2024 Un VEC (Veh√≠culo de Exploraci√≥n de Caballer√≠a) del Regimiento de Caballer√≠a ‚ÄòLusitania‚Äô n¬∫8\xa0 del Ej√©rcito de Tierra.', 'La fecha del art√≠culo es: 11/10/2024 Batall√≥n de Guardia Civil a su paso por el palco real donde se encontraba el Jefe del Estado.']","['La Familia Real (a excepci√≥n de la infanta Sof√≠a, que no ha podido acudir al desfile) ante la bandera de Espa√±a durante el desfile por el d√≠a de la Fiesta Nacional realizando el saludo protocolario a la ense√±a nacional.','Un VEC (Veh√≠culo de Exploraci√≥n de Caballer√≠a)','El regimiento Inmemorial del Rey n¬∞ 1 del ej√©rcito de tierra, desfilando bajo la lluvia que ha azotado este s√°bado la capital.']",0.95,0.7,0.9,S√≠,0.6666666666666666,0.35885942463027254,0.8,0.8,0.9,"S√≠

La respuesta proporcionada parece ser fiel a la informaci√≥n dada en el contexto, incluyendo todos los elementos relevantes sin agregar o omitir informaci√≥n crucial."
A que ha sido obligado Feindef por parte de Defensa,"La secretaria de Estado de Defensa, Amparo Valcarce anuncio que se har√≠a boicot a las empresas israel√≠es.","Entre el 15/10/2024 y el 31/10/2024, Defensa oblig√≥ a Feindef a vetar a Israel y a sus empresas. No habr√° participaci√≥n institucional de Israel, ni de ninguna empresa israel√≠, en la feria debido al compromiso de Espa√±a con la paz y seguridad en Palestina y L√≠bano y el respeto al Derecho Internacional humanitario.","['La fecha del art√≠culo es: 29/10/2024 FEINDEF, que tiene el apoyo institucional del Ministerio de Defensa desde sus inicios en 2019, es un evento bienal y esta nueva edici√≥n contar√° entre sus principales empresas patrocinadoras con seis de las grandes del sector de la Defensa en Espa√±a:Airbus, Amper, Escribano, Grupo Oes√≠a, Indra y Navantia.', 'La fecha del art√≠culo es: 26/10/2024 Fuerzas Armadas Adolfo Garrido El fuerte crecimiento de la industria de defensa, unido indisolublemente a la creciente tensi√≥n militar a nivel internacional, ser√° abordado en la II Jornada de Defensa de El Debate por destacados especialistas de Defensa y de la industria.', 'La fecha del art√≠culo es: 28/10/2024 En esta situaci√≥n, el departamento deMargarita Roblesha querido dar ungolpe de mano en Tess Defence, el consorcio espa√±ol que ten√≠an a partes iguales GDELS-Santa B√°rbara Sistemas, Escribano M&E, SAPA Placencia e Indra, para darle el poder a esta √∫ltima, sobre la que se quiere cimentar desde hace tiempo el campe√≥n nacional de la industria de defensa.', 'La fecha del art√≠culo es: 26/10/2024 Este es el eje sobre el que pivotar√°n lasII Jornadas de Defensa de El Debate, que ser√°n inauguradas el pr√≥ximo d√≠a 30 de octubre a Secretaria de Estado de Defensa,Amparo Valcarce, en Madrid, con la presencia de altos mandos militares y responsables de importantes empresas especializadas en la industria militar:GDELS-Santa B√°rbara Sistemas, Airbus DS Espa√±a, Grupo Oes√≠a, Piedrafita y Danima.', 'La fecha del art√≠culo es: 26/10/2024 En este sentido, la ministra reafirm√≥ a finales del pasado mes de septiembre loscompromisos de inversi√≥nen todos los programas de defensa.', 'La fecha del art√≠culo es: 29/10/2024 Encu√©ntranos en:', 'La fecha del art√≠culo es: 22/10/2024 Encu√©ntranos en:', 'La fecha del art√≠culo es: 17/10/2024 Encu√©ntranos en:']","['Elaspecto negativodel certamen lo ha anunciado la secretaria de Estado de Defensa,Amparo Valcarce, mano derecha de la ministra,Margarita Robles, que ha anunciado que se har√°boicot a las empresas israel√≠es']",0.95,0.65,0.9,"No, la respuesta no es fiel a la informaci√≥n dada en el contexto. En ninguno de los art√≠culos se hace menci√≥n a una posible sanci√≥n contra Israel ni a un boicot de empresas israel√≠es.",0.0,0.49781270150293144,0.8,0.6,0.9,"No.

La respuesta proporcionada no se ajusta al contexto dado, ya que el contexto no menciona nada sobre un boicot a empresas israel√≠es por parte de la Secretaria de Estado de Defensa, Amparo Valcarce. El texto habla principalmente sobre el FEINDEF, las Jornadas de Defensa de El Debate y algunos cambios en Tess Defence, pero no incluye informaci√≥n sobre una posible acci√≥n contra empresas israel√≠es.

Para ser fiel al contexto proporcionado, la respuesta correcta ser√≠a un rechazo a esa afirmaci√≥n ya que no est√° respaldada por los detalles dados."
Para que sirve la planta industrial de Navantia,"La planta industrial de Navantia est√° dise√±ada para fabricar una variedad de productos militares, incluyendo sistemas de combate y control, propulsi√≥n anaer√≥bica revolucionaria (BEST-AIP), motores propulsores bajo licencia MTU, grupos electr√≥genos diesel y reductoras bajo licencia Schelde. Adem√°s, se utiliza para la construcci√≥n y mantenimiento de grandes cruceros y mercantes y fabricaci√≥n de infraestructuras renovables.","La planta industrial de Navantia se utiliza principalmente para el dise√±o y construcci√≥n de buques, como los submarinos de la clase S-80 y las fragatas F-110. Tambi√©n se encarga de la modernizaci√≥n, reparaci√≥n y el desarrollo de sistemas tecnol√≥gicos para estos buques. Adem√°s, participa en proyectos internacionales de construcci√≥n naval","['La fecha del art√≠culo es: 29/12/2024 A esto se suma la puesta en marcha de una planta industrial de alta capacidad para estos materiales, as√≠ como la creaci√≥n de nuevas oficinas centrales y una planta dedicada a materias inertes.', 'La fecha del art√≠culo es: 05/01/2025 Armada | Navantia Alonso Palacios Seg√∫n el comunicado por los astilleros espa√±oles, ¬´en virtud del acuerdo, la filial brit√°nica de Navantia gestionar√° lascapacidades industriales de Harland & Wolffaplicando su experiencia en construcci√≥n naval, gesti√≥n de programas complejos y transferencia de conocimiento¬ª ¬´Navantia UK valora positivamente el compromiso del Gobierno brit√°nico con el programa de construcci√≥n naval FSS y garantiza su ejecuci√≥n y el fortalecimiento de las capacidades industriales locales, de acuerdo con las necesidades de construcci√≥n naval y del mercado de defensa de Reino Unido¬ª, agreg√≥ la declaraci√≥n de la empresa espa√±ola.', 'La fecha del art√≠culo es: 12/03/2025 Entre sus aportaciones tecnol√≥gicas, Navantia destaca elsistema de combate y controlde plataforma de Navantia Sistemas, y unsistema de propulsi√≥n anaer√≥bico revolucionariodesarrollado por Navantia que aporta gran sigilo en inmersi√≥n, denominadoBEST-AIP.', 'La fecha del art√≠culo es: 13/03/2025 El dise√±o de las corbetas es de √∫ltima generaci√≥n, maximizando la participaci√≥n de Navantia, incorporando productos propios como el sistema de combate HAZEM, a trav√©s de la joint venture SAMINavantia, el sistema integrado de comunicaciones HERMESYS, el sistema de control de fuego DORNA, el Sistema Integrado de Control de Plataforma, el puente integrado MINERVA, motores propulsores bajo licencia MTU, grupos electr√≥genos diesel y reductoras bajo licencia Schelde.', 'La fecha del art√≠culo es: 05/01/2025 A semejanza de Navantia, se ha especializado en varias l√≠neas de negocio, adem√°s de defensa, como la construcci√≥n y mantenimiento de grandes cruceros y mercantes, y fabricaci√≥n de infraestructuras renovables.', 'La fecha del art√≠culo es: 25/12/2024 Por su parte, Llamas explic√≥ que desde la adquisici√≥n de Palencia por Nammo en 2013, la planta ha experimentado unatransformaci√≥n significativa, con inversiones de m√°s de 25 millones de euros destinadas a modernizar sus instalaciones, incluida una nueva l√≠nea de fabricaci√≥n de munici√≥n de calibres medios.', 'La fecha del art√≠culo es: 02/12/2024 #LiberdefensaLD| Jorge Paradela (Consejero de Industria, Energ√≠a y Minas de la Junta de Andaluc√≠a) üìå Andaluc√≠a, referente en aeron√°utica y defensa naval.pic.twitter.com/cF8SSO8z5Z Adem√°s, se ha abordado como la industria necesitar√° nuevas implantaciones industriales para satisfacer la creciente demanda.', 'La fecha del art√≠culo es: 12/01/2025 La prueba es el anuncio de que ampliar√° de forma significativa sus capacidades productivas con la construcci√≥n de unanueva f√°bricaen elantiguo polvor√≠n de Cadrete, una instalaci√≥n militar situada al noreste de Mar√≠a de Hueva, y al suroeste de laCiudad Deportiva del Real Zaragoza, a unos nueve kil√≥metros de la capital aragonesa.']","['El dise√±o de las corbetas es de √∫ltima generaci√≥n, maximizando la participaci√≥n de Navantia, incorporando productos propios como el sistema de combate HAZEM, a trav√©s de la joint venture SAMINavantia, el sistema integrado de comunicaciones HERMESYS, el sistema de control de fuego DORNA, el Sistema Integrado de Control de Plataforma, el puente integrado MINERVA, motores propulsores bajo licencia MTU, grupos electr√≥genos diesel y reductoras bajo licencia Schelde.']",0.9,0.7,0.9,S√≠,1.0,0.7005736648240048,0.6,0.8,0.7,"No.

La respuesta no refleja correctamente la informaci√≥n proporcionada en el contexto. El texto original menciona aspectos espec√≠ficos de Navantia, como los sistemas de combate, propulsi√≥n anaer√≥bica y otros sistemas tecnol√≥gicos. Sin embargo, al hacer una generalizaci√≥n sobre las capacidades industriales para fabricar una variedad de productos militares e incluso cruceros y infraestructuras renovables, la respuesta incorpora informaci√≥n que no se encuentra expl√≠citamente en el contexto proporcionado.

La respuesta correcta deber√≠a enfocarse m√°s en los aspectos especificados en el texto, como:

- La puesta en marcha de una planta industrial para sistemas de combate y propulsi√≥n anaer√≥bica.
- El acuerdo con la filial brit√°nica de Navantia para gestionar las capacidades industriales de Harland & Wolff.

Es importante asegurarse de que toda la informaci√≥n incluida sea directamente respaldada por el contexto proporcionado."
¬øEst√° Alemania reforzando su defensa?,"S√≠, Alemania est√° reforzando su defensa debido a la necesidad europea de aumentar la inversi√≥n en defensa y la crisis en el mercado del autom√≥vil. Se espera que las reglas que limitan el nivel de deuda se relajen para autorizar un aumento inmediato del gasto en defensa. Adem√°s, la alta funcionaria alemana ha valorado las medidas aprobadas, incluyendo los instrumentos de 150.000 millones y 600.000 millones de euros en espacio fiscal que Bruselas da a los pa√≠ses para aumentar el gasto en defensa. Una invasi√≥n de Ucrania por parte de Rusia tambi√©n ha convenido definitivamente a los pa√≠ses europeos de la necesidad de invertir m√°s en defensa.","S√≠, Alemania est√° reforzando su defensa. Desde la invasi√≥n a gran escala de Ucrania en 2022, Alemania ha experimentado una profunda transformaci√≥n en la forma de enfocar sus fuerzas armadas. La presidenta de la Comisi√≥n Europea, Ursula von der Leyen, ha llamado a hacer un esfuerzo colectivo para lanzar la Defensa europea.","['La fecha del art√≠culo es: 26/02/2025 La multinacional alemana de armamentoRheinmetallest√° replanificando su estrategia en un contexto marcado por la necesidad europea de aumentar su inversi√≥n en defensa y la crisis que atenaza al mercado del autom√≥vil en toda Europa y particularmente enAlemania.', 'La fecha del art√≠culo es: 17/02/2025 Ese aumento de la inversi√≥n es lo que espera de Alemania tras las elecciones de este domingo: se√±ala que cree que las reglas que limitan el nivel de deuda en su pa√≠s se relajar√°n paraautorizar un aumento de gasto en defensa ""inmediato"".', 'La fecha del art√≠culo es: 25/03/2025 Alemania acaba de llegar a un pacto hist√≥rico para aumentar el gasto en defensa, pero en Espa√±a descartan incrementarlo.', 'La fecha del art√≠culo es: 10/03/2025 De todos modos, la conservadora alemana ha subrayado quela parte principal del plan recae en los hombros de los Estados miembros, que son los que deben elevar el gasto nacional en Defensa y recuperar los niveles de inversi√≥n de hace d√©cadas.', 'La fecha del art√≠culo es: 12/03/2025 Desde la invasi√≥n a gran escala de Ucrania por parte del presidente ruso Vladimir Putin en 2022, Alemania ha experimentado una profunda transformaci√≥n en la forma de enfocar sus fuerzas armadas.', 'La fecha del art√≠culo es: 09/03/2025 Pero la alta funcionarios alemana tambi√©n puso en valor las medidas ya aprobadas, incluyendo el instrumento de 150.000 millones y, por supuesto, los 600.000 millones en espacio fiscal que Bruselas da a los pa√≠ses para disparar el gasto en Defensa a trav√©s de la activaci√≥n de las cl√°usulas de escape.', 'La fecha del art√≠culo es: 26/02/2024 Una invasi√≥n, la de Ucrania por parte de Rusia que, incidi√≥, ¬´parece que ha convencido definitivamente a los pa√≠ses europeos de la necesidad deinvertir m√°s en defensa¬ª.', 'La fecha del art√≠culo es: 15/03/2025 No hay pa√≠s en Europa con un pasado m√°s traum√°tico con el militarismo que Alemania y no ha habido pa√≠s en Europa que haya dado una respuesta m√°s clara alterremoto Trumpque Alemania.']","['Desde la invasi√≥n a gran escala de Ucrania por parte del presidente ruso Vladimir Putin en 2022, Alemania ha experimentado una profunda transformaci√≥n en la forma de enfocar sus fuerzas armadas.']",0.8,0.95,0.9,S√≠,1.0,0.7628828237813601,0.8,0.85,0.9,"S√≠

La respuesta proporcionada est√° fiel al contexto dado, ya que se ajusta correctamente a las afirmaciones presentadas en los art√≠culos. Se menciona la necesidad de aumentar el gasto en defensa por parte de Alemania, las expectativas sobre la relajaci√≥n de las reglas de endeudamiento, y la influencia del conflicto en Ucrania. Adem√°s, se incluye la menci√≥n a los fondos proporcionados por Bruselas para incrementar este gasto."
¬øQue est√° provocando que los de Belarra se alejen del Gobierno?,"Los de Belarra est√°n experimentando dificultades para entenderse con el gobierno. Esto est√° provocando que sus caminos se vayan separando gradualmente, seg√∫n admiten en la c√∫pula de Belarra.","La obligaci√≥n del Gobierno de aumentar el gasto en Defensa ha llevado la relaci√≥n con Podemos al l√≠mite. Adem√°s, Podemos percibe que se prioriza a otros partidos en las negociaciones y que no se cumplen los acuerdos previos, como el impuesto a las energ√©ticas. Esto ha provocado que en la c√∫pula de Belarra admitan que sus caminos se van separando.","['La fecha del art√≠culo es: 13/03/2025 Los de Belarra advierten que su camino ""se va separando"" del camino del Gobierno Hay una an√©cdota que resume la dificultad que siempre han tenido para entendersePSOEyPodemos.', 'La fecha del art√≠culo es: 13/03/2025 El l√≠der del PP, Alberto N√∫√±ez Feij√≥o,se abri√≥ a recurrir a los tribunalessi el presidente del Gobierno,Pedro S√°nchez, aborda la subida delgasto militarcon ""enjuagues presupuestarios"" sin pasar por el Congreso, y denunci√≥ que est√° ""bordeando la falta de democracia"" mientras Espa√±a se desliza hacia ""un barranco de autocracia"".', 'La fecha del art√≠culo es: 13/03/2025 Fuentes de ambos partidos evitan hablar de ruptura, pero en la c√∫pula de Belarra admiten que ""se van acumulando elementos"" y que ""parece que nuestros caminos se van separando"".', 'La fecha del art√≠culo es: 13/03/2025 Tras visitar las bodegas Hijos de Alberto Guti√©rrez en Valladolid con el presidente de la Junta de Castilla y Le√≥n, Alfonso Fern√°ndez Ma√±ueco, el jefe de la oposici√≥n aludi√≥ a la ronda de entrevistas de los portavoces de los grupos parlamentarios con Pedro S√°nchez en el Palacio de la Moncloa, y subray√≥ que ha quedado ""confirmado"" que el Gobierno ""no tiene mayor√≠a parlamentaria para aprobar ning√∫n plan de defensa ni de seguridad"".', 'La fecha del art√≠culo es: 13/03/2025 El 11 de marzo, el actual gobierno sufri√≥ una moci√≥n de censura que oblig√≥ al primer ministro Lu√≠s Montenegro a dimitir y allan√≥ el camino para la celebraci√≥n de elecciones anticipadas.', 'La fecha del art√≠culo es: 16/03/2025 El Gobierno libra ahora la batalla de concienciar a la sociedad y aplacara sus socios sobre la obligaci√≥n de acelerar y aumentar el gasto en Defensa.', 'La fecha del art√≠culo es: 15/03/2025 Las fuerzas de Estado dejando fuera a los extremos.', 'La fecha del art√≠culo es: 14/03/2025 As√≠ lo indic√≥Belarra durante una intervenci√≥n desde Zaragoza, donde se√±al√≥ que ""la guerra, el rearme, el aumento del gasto militar va a volver a ser la excusa para recortes en nuestros servicios p√∫blicos"", pero Podemos ""se tiene que plantar y decir alto y claro que nuestro pa√≠s es el pa√≠s del no a la guerra y que eso no es una pu√±etera pancarta"".']","['Los de Belarra advierten que su camino ""se va separando"" del camino del Gobierno Hay una an√©cdota que resume la dificultad que siempre han tenido para entendersePSOEyPodemos.','Fuentes de ambos partidos evitan hablar de ruptura, pero en la c√∫pula de Belarra admiten que ""se van acumulando elementos"" y que ""parece que nuestros caminos se van separando""']",0.8,0.7,0.9,S√≠,1.0,0.551160074929989,0.8,0.85,0.8,"S√≠

La respuesta es fiel al contexto proporcionado, ya que menciona:

1. Que los de Belarra est√°n experimentando dificultades para entenderse con el gobierno.
2. La admisi√≥n en la c√∫pula de Belarra sobre c√≥mo se van separando gradualmente.
3. Se refiere a la informaci√≥n dada en las fechas espec√≠ficas del contexto.

No hay ninguna imprecisi√≥n o informaci√≥n incorrecta en relaci√≥n al contenido proporcionado."
¬øQue pretende hacer el gobierno Vasco con la industria armamentistica?,"El Gobierno Vasco quiere reforzar su apoyo a la industria armament√≠stica argumentando que Euskadi es una ""naci√≥n"" europea responsable de contribuir a la defensa de Europa. Tambi√©n abogan por un esfuerzo comunitario en aras de impulsar la industria europea de Defensa y financiar compras a productores europeos para darle a la industria la predecibilidad que necesita, as√≠ como establecer licitaciones p√∫blicas conjuntas con el poder de acelerar el rearme y reducir precios del suministro militar.","El Gobierno vasco pretende reforzar su apoyo a la industria armament√≠stica argumentando que Euskadi debe contribuir a la defensa de Europa. Para ello, aportar√° 1.000 millones de euros para activar una Alianza Financiera vasca de impulso a la industria, abierta a las industrias del sector de Defensa, con el objetivo de la reindustrializaci√≥n. El PNV tambi√©n aboga por impulsar este sector estrat√©gico para la protecci√≥n de Europa.","['La fecha del art√≠culo es: 12/03/2025 El Gobierno vasco pretende reforzar su apoyo a la industria armamentistica con el argumento de que Euskadi es una ""naci√≥n"" europea que debe contribuir ""a la defensa de Europa"".', 'La fecha del art√≠culo es: 16/03/2025 Y apelaba a un esfuerzo comunitario en aras de impulsar la industria europea de Defensa, que es la posici√≥n que propugna el presidente del Gobierno, que vende el aumento del gasto como una oportunidad para lasstart upsy las pymes, de la mano de las grandes empresas.', 'La fecha del art√≠culo es: 10/03/2025 ¬´Se trata de financiar compras a productores europeos para darle a la industria la predecibilidad que necesita¬ª, dijo, antes de apostar por ¬´licitaciones p√∫blicas conjuntas¬ª, por su ¬´poder¬ª como herramientas comunitarias que aceleran el rearme y bajan los precios del suministro militar.', 'La fecha del art√≠culo es: 12/03/2025 Tanto laUEcomo laOTANest√°n presionando fuertemente al Gobierno para que se ponga las pilas cuanto antes, toda vez que los datos de inversi√≥n defensiva espa√±ola son los m√°s bajos de toda la alianza atl√°ntica: un 1,28% del PIB.', 'La fecha del art√≠culo es: 16/03/2025 Porque no es s√≥lo que La Moncloa se enfrente al rechazo mayoritario de sus socios de gobernabilidad ante el hecho de m√°s inversi√≥n militar, sino que Espa√±a ha sido una sociedad tradicionalmente contraria, o reacia, a apoyar desembolsos en material militar o todo aquello relativo a la guerra.', 'La fecha del art√≠culo es: 10/03/2025 A rengl√≥n seguido, ha se√±alado que la ""velocidad y escala"" del esfuerzo en inversi√≥n militar justifica haber empleado el procedimiento de emergencia que recoge el art√≠culo 122 del Tratado que permite al Ejecutivo europeo ""recaudar dinero y prest√°rselo a los Estados miembro para que inviertan en defensa"".', 'La fecha del art√≠culo es: 12/03/2025 Mientras el presidentePedro S√°nchezconsens√∫a con el resto de fuerzas parlamentarias c√≥mo reforzar las inversiones en Defensa, el PNV aboga por impulsar este sector estrat√©gico con el argumento de que Euskadi es una ""naci√≥n"" europea que debe asegurar la protecci√≥n de Europa.', 'La fecha del art√≠culo es: 11/03/2025 La inclusi√≥n de este √∫ltimo pa√≠s es lo que deber√≠a levantar ampollas en Madrid, puesto que lasFuerzas Armadasespa√±olashab√≠an sido tradicionalmente las quintas en potencia del continente ‚Äìexcluyendo siempre para estas cosas a Turqu√≠a‚Äì.']","['El Gobierno vasco pretende reforzar su apoyo a la industria armamentistica con el argumento de que Euskadi es una ""naci√≥n"" europea que debe contribuir ""a la defensa de Europa"".','La ""operaci√≥n Talgo"" -a√∫n pendiente de cerrar por el equipo de Jainaga con el fondo Trilantic- ha relanzado la pol√≠tica industrial del Gobierno vasco que en la √∫ltima d√©cada hab√≠a perdido la influencia de proyectos como Euskaltel o Gamesa, entre otros.']",0.8,0.95,0.9,S√≠,0.5,0.9383282956149035,0.8,0.85,0.8,"S√≠

La respuesta proporcionada es fiel al contexto dado, ya que captura correctamente los puntos principales:

1. El apoyo del Gobierno Vasco a la industria armament√≠stica.
2. La afirmaci√≥n de Euskadi como una ""naci√≥n"" europea que debe contribuir a la defensa de Europa.
3. La promoci√≥n de un esfuerzo comunitario para impulsar la industria de Defensa europea.
4. El argumento de financiar compras a productores europeos para predecibilidad y licitaciones p√∫blicas conjuntas.

Todos estos puntos se mencionan en los fragmentos del contexto proporcionados."
¬øQue previsi√≥n hay sobre las pensiones dada la fluctuaci√≥n de la inflaci√≥n?,"Seg√∫n el Banco de Espa√±a, si la previsi√≥n se cumple y el IPC se sit√∫a en el entorno del 2,5% de media en 2025, el coste de la subida de 2026 rondar√° los 6.500 millones de euros.","La previsi√≥n del Banco de Espa√±a sit√∫a la inflaci√≥n en el 2,5% para 2025, lo que impactar√° directamente en la factura de las pensiones ligadas al IPC. Si esta previsi√≥n se cumple, la subida de las pensiones en 2026 costar√° alrededor de 6.500 millones de euros, ya que cada d√©cima de inflaci√≥n supone unos 2.600 millones de gasto. Este aumento del gasto en pensiones provocar√° una mayor desviaci√≥n del gasto computable en t√©rminos de las reglas fiscales europeas","['La fecha del art√≠culo es: 11/03/2025 Aunque habr√° que esperar a finales de a√±o para conocer la inflaci√≥n anual acumulada en noviembre, en base a la f√≥rmula fijada para la revalorizaci√≥n de las pensiones, si la previsi√≥n del BdE se cumple y el IPC se sit√∫a en el entorno del 2,5% de media en 2025, el coste de la subida de 2026 rondar√° los6.500 millones de euros,teniendo en cuenta que cada d√©cima de inflaci√≥n supone unos 2.600 millones de gasto, seg√∫n los c√°lculos que maneja el Gobierno.', 'La fecha del art√≠culo es: 11/03/2025 A preguntas de EL MUNDO, el director general de Econom√≠a del Banco de Espa√±a, √Ångel Gavil√°n, ratific√≥ ayer en la rueda de prensa de presentaci√≥n de las proyecciones que, efectivamente, la mayor inflaci√≥n ""afecta al gasto en pensiones"", si bien enmarc√≥ las previsiones de evoluci√≥n del IPC en un escenario de ""volatilidad"" de los precios energ√©ticos y pidi√≥ ""cautela"" respecto a la interpretaci√≥n de la fuerte revisi√≥n al alza de este indicador.', 'La fecha del art√≠culo es: 11/03/2025 En concreto, el BdE ha elevado la desviaci√≥n prevista en 8 d√©cimas para 2025 (al 4,5%) y en 6 d√©cimas para 2026 y 2027, respectivamente (hasta el 4,1% y el 3,8%), tras incorporar el impacto conjunto del aumento del gasto en pensiones derivado de la revisi√≥n al alza de la inflaci√≥n en 2025 y de otras medidas como la extensi√≥n de lasubvenci√≥n al transporte p√∫blicoy el decaimiento delimpuesto a empresas energ√©ticas, que no se contemplaban en las previsiones de diciembre.', 'La fecha del art√≠culo es: 11/03/2025 Con todo, el informe elaborado por el equipo que trabaja en el BdE a las √≥rdenes de quien fuera ministro de Seguridad Social,Jos√© Luis Escriv√°, deja constancia de que la revisi√≥n al alza de la inflaci√≥n provocar√° ""un aumento m√°s intenso del gasto en pensiones en 2026"".', 'La fecha del art√≠culo es: 11/03/2025 El fuerte incremento de la factura de las pensiones no es balad√≠, especialmente en un momento en el que se est√° debatiendo, especialmente dentro del propio Gobierno, sobre la necesidad de aumentar el gasto en defensa para responder a las exigencias del complejo escenario geopol√≠tico internacional.', 'La fecha del art√≠culo es: 11/03/2025 M√°s all√° del encarecimiento de determinados productos y servicios, que confirmar√≠a las se√±ales de estancamiento en el proceso de desinflaci√≥n a nivel global, en nuestro pa√≠s impactar√° directamente en la factura de las pensiones, ligadas por ley al IPC, lo que tensionar√° a√∫n m√°s las cuentas de la Seguridad Socialen plena avalancha de jubilaciones de la generaci√≥n delbaby boom.', 'La fecha del art√≠culo es: 11/03/2025 Sin embargo, en la actualizaci√≥n de sus proyecciones macroecon√≥micas ha situadounfarolillo rojoen la inflaci√≥n, que dispara en cuatro d√©cimas respecto al c√°lculo anterior, hasta el 2,5% este a√±o.', 'La fecha del art√≠culo es: 11/03/2025 La mayor parte del presupuesto se destina a pensiones y deuda p√∫blica.']","['la inflaci√≥n provocar√° ""un aumento m√°s intenso del gasto en pensiones en 2026"".','Aunque habr√° que esperar a finales de a√±o para conocer la inflaci√≥n anual acumulada en noviembre, en base a la f√≥rmula fijada para la revalorizaci√≥n de las pensiones, si la previsi√≥n del BdE se cumple y el IPC se sit√∫a en el entorno del 2,5% de media en 2025, el coste de la subida de 2026 rondar√° los6.500 millones de euros,teniendo en cuenta que cada d√©cima de inflaci√≥n supone unos 2.600 millones de gasto, seg√∫n los c√°lculos que maneja el Gobierno.','En concreto, el BdE ha elevado la desviaci√≥n prevista en 8 d√©cimas para 2025 (al 4,5%) y en 6 d√©cimas para 2026 y 2027, respectivamente (hasta el 4,1% y el 3,8%)','El fuerte incremento de la factura de las pensiones no es balad√≠, especialmente en un momento en el que se est√° debatiendo, especialmente dentro del propio Gobierno, sobre la necesidad de aumentar el gasto en defensa para responder a las exigencias del complejo escenario geopol√≠tico internacional.']",0.95,0.7,0.95,S√≠,1.0,0.7522071369446444,0.8,0.8,0.9,"S√≠

La respuesta proporcionada es fiel al contexto dado. Se refleja correctamente que, seg√∫n las proyecciones del Banco de Espa√±a (BdE), el coste de la subida de pensiones para 2026 rondar√≠a los 6.500 millones de euros si se cumple con una inflaci√≥n media del IPC cercana al 2,5% en 2025, teniendo en cuenta que cada d√©cima de inflaci√≥n supone unos 2.600 millones de gasto, seg√∫n c√°lculos del Gobierno."
¬øQue p√°pel quiere tomar el presidente del gobierno en cuanto a Defensa en la Uni√≥n Europea?,"El presidente del Gobierno quiere desempe√±ar un papel importante en la nueva Uni√≥n Europea, que se ve obligada a organizar su propia pol√≠tica de defensa despu√©s de que Trump haya roto el v√≠nculo atl√°ntico con la OTAN. El presidente del Gobierno aboga por aumentar el gasto militar y fomentar una mayor cooperaci√≥n entre los pa√≠ses europeos para fortalecer su capacidad defensiva.","El presidente del Gobierno, Pedro S√°nchez, quiere jugar un papel importante en la nueva Uni√≥n Europea en materia de Defensa, tras la ruptura del v√≠nculo atl√°ntico por parte de Trump. Se ha comprometido a un considerable aumento del gasto militar para que Espa√±a tenga una intervenci√≥n decisiva en la UE y sea una potencia. S√°nchez, como l√≠der de la socialdemocracia europea, est√° en disposici√≥n de jugar un papel muy importante en la reconfiguraci√≥n de la UE.","['La fecha del art√≠culo es: 07/03/2025 El presidente del Gobierno quiere jugar un papel importante en la nueva Uni√≥n Europea, obligada a organizar su propia pol√≠tica de Defensa despu√©s de que Trump haya roto el v√≠nculo atl√°ntico de la OTAN La convulsi√≥n del orden mundial con la llegada deTrumpy su decisi√≥n in√©dita de romper el v√≠nculo atl√°ntico UE-EEUU deja un escenario in√©dito en Europa, obligada a improvisar decisiones trascendentales para una desarrollar una pol√≠tica de Defensa almargen del aliado americano.', 'La fecha del art√≠culo es: 16/03/2025 Y apelaba a un esfuerzo comunitario en aras de impulsar la industria europea de Defensa, que es la posici√≥n que propugna el presidente del Gobierno, que vende el aumento del gasto como una oportunidad para lasstart upsy las pymes, de la mano de las grandes empresas.', 'La fecha del art√≠culo es: 12/03/2025 El l√≠der del PP apremiar√° al presidente del Gobierno a cumplir los compromisos con la Alianza Atl√°ntica y afear√° la insistencia en la deuda mancomunada: ""No va a ocurrir"" Pedro S√°nchezrecibe este jueves aAlberto N√∫√±ez Feij√≥oen el Palacio de La Moncloa para informarle sobre los acuerdos del Consejo Europeo en materia de defensa, pero sin visos de una entente a corto plazo sobre el enorme incremento del gasto militar que debe acometer Espa√±a.', 'La fecha del art√≠culo es: 16/03/2025 ¬´Es necesario llevar a cabo una pedagog√≠a sobre la necesidad de desarrollar de forma integrada el pilar de la defensa europea, especialmente en algunos pa√≠ses europeos, entre ellos Espa√±a, y, sobre todo, desde las posturas socialdem√≥cratas¬ª, recoge elthink thankque presideManuel Escudero.', 'La fecha del art√≠culo es: 09/03/2025 Los presidentes de laComisi√≥n Europeay elConsejo Europeoredoblar√°n su apuesta por un refuerzo del gasto en defensa para apoyar a Kiev, pocos d√≠as despu√©s del anuncio de la suspensi√≥n de la ayuda militar estadounidense al pa√≠s invadido por Rusia.', 'La fecha del art√≠culo es: 11/03/2025 El PSOE conf√≠a en que la vicepresidenta mantenga las costuras de Sumar y no ponga en peligro los compromisos con Europa y la OTAN Est√° por definir el grado que alcanza, pero en el Gobierno se ha abierto una disputa, refriega, gresca... a cuenta del aumento del gasto en Defensa al que est√° obligado Espa√±a y sobre el que presionan, para que se haga de manera pronta, tanto laComisi√≥n Europeacomo laOTAN.', 'La fecha del art√≠culo es: 12/03/2025 Mientras el presidentePedro S√°nchezconsens√∫a con el resto de fuerzas parlamentarias c√≥mo reforzar las inversiones en Defensa, el PNV aboga por impulsar este sector estrat√©gico con el argumento de que Euskadi es una ""naci√≥n"" europea que debe asegurar la protecci√≥n de Europa.', 'La fecha del art√≠culo es: 10/03/2025 Seg√∫n el comunicado, Sumar aboga por ""avanzar en soberan√≠a europea para ir superando la dependencia en esta materia de la OTAN y de EEUU y de su complejo militar e industrial"".']","['El presidente del Gobierno quiere jugar un papel importante en la nueva Uni√≥n Europea','un escenario in√©dito en Europa, obligada a improvisar decisiones trascendentales para una desarrollar una pol√≠tica de Defensa almargen del aliado americano.']",0.8,0.95,0.9,S√≠,1.0,0.7561662267289302,0.8,0.85,0.9,"S√≠

La respuesta proporcionada se ajusta correctamente al contexto dado. Menciona que el presidente del Gobierno espa√±ol aspira a un papel importante en la Uni√≥n Europea tras la ruptura del v√≠nculo atl√°ntico por parte de Estados Unidos, y destaca su apoyo a incrementar los gastos militares para fortalecer la defensa europea."
Dame informaci√≥n sobre el submarino S-81 Isaac Peral,"El submarino S-81 Isaac Peral es el primer submarino de la clase S-80 que cuenta con la Armada espa√±ola. Se encuentra en plena navegaci√≥n y pronto pasar√° a ""alta disponibilidad"". La entrada principal al barco se realiza por una escotilla situada en la proa del mismo.","El submarino S-81 Isaac Peral es un submarino de √∫ltima generaci√≥n de la Armada espa√±ola, el primero de la clase S-80, construido en Espa√±a con tecnolog√≠a avanzada. Espa√±a se encuentra entre los diez pa√≠ses con capacidad para dise√±ar y construir submarinos. Este submarino est√° equipado con modernos sistemas de control, capacidad de lanzar misiles y torpedos, y se espera que entre en plena operatividad pronto.","['La fecha del art√≠culo es: 20/02/2025 El submarino S-81 Isaac Peral de la Armada espa√±ola, en plena navegaci√≥nMinisterio de Defensa  21/02/2025Actualizada  04:30 El submarino S-81 Isaac Peral de la Armada espa√±ola, el primero de la nueva clase S-80, est√° listo para entrar en ¬´alta disponibilidad¬ª, seg√∫n ha informado el Ministerio de Defensa.', ""La fecha del art√≠culo es: 12/03/2025 El submarino'Isaac Peral'(S-81), primera unidad de la serie S-80 de la Armada Espa√±ola, ha llegado este jueves a laEscuela Naval Militar de Mar√≠n, en Pontevedra, causando gran expectaci√≥n entre las autoridades y el p√∫blico presente."", 'La fecha del art√≠culo es: 13/02/2025 El Isaac Peral ultima el periodo de evaluaci√≥n y certificaci√≥n para que en pocas semanas pase a Alta Disponibilidad y empiece a realizar misiones El acceso principal al submarinoS-81 Isaac Perales una escotilla situada en la proa del barco.', 'La fecha del art√≠culo es: 13/02/2025 Escalera de subida desde el interior del submarino S81 Isaac Peral a la escotilla.', 'La fecha del art√≠culo es: 14/02/2025 La Armada quiere introducir al S-81 Isaac Peral en uno de losdespliegues que el LHD Juan Carlos I y su grupo de combate D√©dalo van a realizar en el Mar Mediterr√°neodurante este a√±o.', 'La fecha del art√≠culo es: 13/02/2025 El S81 Isaac Peral es el primer submarino de la clase S80 con el que cuenta la Armada.', 'La fecha del art√≠culo es: 13/02/2025 Submarino S81 Isaac Peral de la Armada espa√±ola.', 'La fecha del art√≠culo es: 13/02/2025 Sala de mando y control del submarino S81 Isaac Peral de la Armada.']","['Escalera de subida desde el interior del submarino S81 Isaac Peral a la escotilla.','El submarino S-81 Isaac Peral de la Armada espa√±ola, el primero de la nueva clase S-80, est√° listo para entrar en ¬´alta disponibilidad¬ª','Como esta unidad no lo lleva todav√≠a (no se montar√° de serie hasta el S83), lleva unos pesos en los laterales para compensar la ausencia de ese sistema y que no afecte a la estabilidad del submarino.']",0.95,0.8,0.9,S√≠,0.6666666666666666,0.8952329450229018,0.8,0.8,0.9,"S√≠

La respuesta proporcionada es fiel a la informaci√≥n dada en el contexto. Aunque se ha condensado y combinado varias frases, los puntos principales mencionados son correctos:

1. El S-81 Isaac Peral es el primer submarino de la clase S-80.
2. Se encuentra en plena navegaci√≥n.
3. Est√° a punto de entrar en ""alta disponibilidad"".
4. El acceso principal se realiza por una escotilla en la proa.

No hay imprecisiones o informaci√≥n incorrecta en esta respuesta basada en el contexto proporcionado."
¬øQu√© ha anunciado Suecia con respecto a sus planes de enviar recursos a Ucrania?,"Suecia anunci√≥ un paquete de ayuda militar de 1,600 millones de euros para reforzar las capacidades defensivas de Ucrania.",Suecia ha anunciado sus planes de enviar 18 avanzados sistemas de artiller√≠a Archer y cinco sistemas de radar contra-bater√≠a ARTHUR a Ucrania. Esta decisi√≥n marca una escalada significativa en la ayuda militar sueca a Kiev en medio del conflicto con Rusia. Se espera que las entregas comiencen en 2026 para los Archer y en 2025 para los radares.,"['La fecha del art√≠culo es: 31/03/2025 Suecia ha anunciado su paquete de ayuda militar m√°s sustancial a Ucrania desde que comenz√≥ la invasi√≥n a gran escala de Rusia en 2022, prometiendo 1.600 millones de euros para reforzar las capacidades de defensa de Kiev.', 'La fecha del art√≠culo es: 13/03/2025 La medida subraya el compromiso de Suecia de mejorar las capacidades defensivas de Ucrania en una guerra que se ha prolongado hasta su tercer a√±o, destacando un esfuerzo internacional m√°s amplio para proporcionar a Kiev armamento sofisticado.', 'La fecha del art√≠culo es: 13/03/2025 Esta decisi√≥n, anunciada en el d√≠a de hoy, marca una escalada significativa en la ayuda militar de Suecia a Ucrania, destinada a reforzar la capacidad del pa√≠s para contrarrestar el fuego de artiller√≠a ruso.', 'La fecha del art√≠culo es: 15/12/2024 El objetivo de este observatorio escuantificar la ayuda real que est√°n recibiendolos ucranianos, que unas veces es anunciada de forma individual por los pa√≠ses aliados, en otras son las instituciones que la financian las que la hacen p√∫blica y, en otras ocasiones, es el propioGobierno deUcraniael que confirma su recepci√≥n sin que haya mediado anuncio previo por parte del pa√≠s u organismo que la hace efectiva.', 'La fecha del art√≠culo es: 31/03/2025 La decisi√≥n de Suecia refleja no solo su creciente alineamiento con la OTAN ‚Äîtras su ingreso formal en la alianza en marzo de 2024‚Äî, sino tambi√©n su determinaci√≥n de desempe√±ar un papel fundamental en el apoyo a Ucrania contra la agresi√≥n de Mosc√∫.', 'La fecha del art√≠culo es: 13/03/2025 La donaci√≥n de 18 m√°s a Ucrania dejar√° a Suecia con 24 en servicio activo, un equilibrio que, seg√∫n los oficiales, mantiene la seguridad nacional al tiempo que ayuda a un aliado.', 'La fecha del art√≠culo es: 13/03/2025 La decisi√≥n de Suecia de proporcionar esta ayuda refleja una tendencia m√°s amplia de apoyo occidental a Ucrania, aunque viene acompa√±ada de consideraciones internas.', 'La fecha del art√≠culo es: 31/03/2025 Este compromiso, anunciado el 31 de marzo, marca el decimonoveno paquete de ayuda de Estocolmo a Ucrania y subraya una importante intensificaci√≥n de su apoyo a esta naci√≥n devastada por la guerra.']","['Esta decisi√≥n, anunciada en el d√≠a de hoy, marca una escalada significativa en la ayuda militar de Suecia a Ucrania','La decisi√≥n de Suecia de proporcionar esta ayuda refleja una tendencia m√°s amplia de apoyo occidental a Ucrania','La donaci√≥n de 18 m√°s a Ucrania dejar√° a Suecia con 24 en servicio activo, un equilibrio que, seg√∫n los oficiales, mantiene la seguridad nacional al tiempo que ayuda a un aliado.']",0.9,0.8,0.9,S√≠,1.0,0.6188576737176907,0.8,0.85,0.8,"S√≠

La respuesta proporcionada es fiel a la informaci√≥n dada en el contexto. Se menciona correctamente que Suecia anunci√≥ un paquete de ayuda militar de 1,600 millones de euros para reforzar las capacidades defensivas de Ucrania, y se refleja adecuadamente que esta medida subraya el compromiso de Suecia de mejorar las capacidades defensivas ucranianas."
Que grupos contribuyen a la aparici√≥n de una ciberguerra por parte de Rusia,"Siete grupos de ciberguerra rusos operan contra Ucrania, seg√∫n el Centro Criptol√≥gico Nacional (CCN-CERT). Los grupos cibern√©ticos estatales rusos m√°s conocidos pertenecen al Servicio Federal de Seguridad (FSB), el Servicio de Inteligencia Exterior (SVR) y la Direcci√≥n General del Estado Mayor de las Fuerzas Armadas de la Federaci√≥n Rusa (GRU). Estos grupos contribuyen a la aparici√≥n de una ciberguerra por parte de Rusia.","El Centro Criptol√≥gico Nacional (CCN-CERT) se√±ala una creciente hostilidad en el ciberespacio por parte de grupos prorrusos. Se han detectado grupos como Sandworm (Unidad 74455 del GRU), APT28 (Fancy Bear, Unidad 26165 del GRU), Gamaredon (unidad 64829 del FSB), APT29 (asociado al SVR ruso) y Turla (asociado al FSB ruso) involucrados en ciberguerra. Estos grupos han llevado a cabo acciones que van desde ciberataques destructivos y espionaje hasta operaciones de influencia contra Ucrania.","['La fecha del art√≠culo es: 12/11/2023 El Centro Criptol√≥gico Nacional se√±ala siete grupos de ciberguerra rusos operan contra UcraniaKindel√°n  Madrid13/11/2023Actualizada  12:02 ElCentro Criptol√≥gico Nacional (CCN-CERT)ha elaborado un extenso y detallado informe denominado¬´Ciberamenzas y tendencias¬ª, que en su edici√≥n de 2023 efect√∫a un profundo an√°lisis de las ciberamenazas nacionales e internacionales, marcadas en gran medida por la guerra enUcraniaa ra√≠z de la invasi√≥n por parte deRusia.', 'La fecha del art√≠culo es: 22/12/2024 Los grupos cibern√©ticos estatales rusos m√°s conocidos pertenecen a tres agencias de inteligencia rusasKindel√°n  Madrid23/12/2024Actualizada  04:30 La Federaci√≥n de Rusia es uno de los ¬´actores¬ª cibern√©ticos m√°s prol√≠ficos del mundo y dedica importantes recursos a la realizaci√≥n de operaciones cibern√©ticasa escala global.', 'La fecha del art√≠culo es: 22/12/2024 De acuerdo con investigaciones llevadas a cabo por organismos gubernamentales y entidades privadas, ¬´los actores cibern√©ticos estatales rusos m√°s conocidos pertenecen a tres agencias de inteligencia rusas¬ª: elServicio Federal de Seguridad de la Federaci√≥n Rusa(FSB), elServicio de Inteligencia Exterior de la Federaci√≥n Rusa(SVR) y laDirecci√≥n General del Estado Mayor de las Fuerzas Armadas de la Federaci√≥n Rusa(GRU).', 'La fecha del art√≠culo es: 12/11/2023 Asimismo, apunta a que la citada invasi√≥n rusa ¬´ha tenido un profundo impacto en las operaciones del ciberespacio, no solo por las campa√±as involucradas directamente en el conflicto, sino tambi√©n por la utilizaci√≥n de la tem√°tica en numerosas campa√±as de phishing¬ª.', 'La fecha del art√≠culo es: 12/11/2023 Ciberataque, foto de archivoAFP  Este grupo, asociado al Servicio Federal de Seguridad (FSB) ruso, es considerado como uno de los m√°s sofisticados.', 'La fecha del art√≠culo es: 22/12/2024 Estructura cibern√©tica de los servicios de inteligencia rusaCCN  A lo largo de 2023, decenas de campa√±as cibern√©ticas han sido atribuidas a actores cibern√©ticos estatales rusos.', 'La fecha del art√≠culo es: 12/11/2023 Todo apunta, seg√∫n el CCN, a que se trata de launidad dedicada al ciberespaciocomo dominio de las operaciones combinadas rusas.', 'La fecha del art√≠culo es: 22/12/2024 Sectores v√≠ctima de ¬´actores¬ª estatales rusos.']","['El Centro Criptol√≥gico Nacional se√±ala siete grupos de ciberguerra rusos operan contra UcraniaKindel√°n','En este sentido, el informe rese√±a una ¬´creciente hostilidaden el campo del ciberespacio por parte degrupos prorrusos¬ª','Asimismo, apunta a que la citada invasi√≥n rusa ¬´ha tenido un profundo impacto en las operaciones del ciberespacio, no solo por las campa√±as involucradas directamente en el conflicto, sino tambi√©n por la utilizaci√≥n de la tem√°tica en numerosas campa√±as de phishing¬ª.']",0.8,0.9,0.9,S√≠,0.6666666666666666,0.705768627979779,0.8,0.8,0.9,"S√≠

La respuesta proporcionada est√° fiel al contexto dado. Se menciona correctamente que:

1. Siete grupos de ciberguerra rusos operan contra Ucrania, seg√∫n el Centro Criptol√≥gico Nacional (CCN-CERT).
2. Los grupos cibern√©ticos estatales rusos m√°s conocidos pertenecen al Servicio Federal de Seguridad (FSB), el Servicio de Inteligencia Exterior (SVR) y la Direcci√≥n General del Estado Mayor de las Fuerzas Armadas de la Federaci√≥n Rusa (GRU).
3. Estos grupos contribuyen a la aparici√≥n de una ciberguerra por parte de Rusia.

La informaci√≥n se ajusta correctamente al contenido proporcionado en el contexto, sin incluir ninguna imprecisi√≥n o datos incorrectos."
Que es ElEscuadr√≥n de Zapadores Paracaidistas (EZAPAC),"El Escuadr√≥n de Zapadores Paracaidistas (EZAPAC) es la unidad de operaciones especiales del Ej√©rcito del Aire y del Espacio, reconocida por su entrenamiento riguroso en paracaidismo t√°ctico.","El Escuadr√≥n de Zapadores Paracaidistas (EZAPAC) es la unidad de √©lite por excelencia del Ej√©rcito del Aire y del Espacio, certificada por la OTAN para misiones de m√°xima dificultad. Ubicada en la base a√©rea de Alcantarilla (Murcia), est√° adiestrada para misiones de alto riesgo y recientemente ha incorporado el micro-UAV Black Hornet 3 para inteligencia. Su curso de ingreso es uno de los m√°s exigentes de las Fuerzas Armadas.","['La fecha del art√≠culo es: 11/03/2025 Escuadr√≥n de Zapadores Paracaidistas (EZAPAC) ha liderado el ejercicio SAO C del Ej√©rcito del Aire y del EspacioEjercito del Aire y del Espacio  12/03/2025Actualizada  04:30 ElEscuadr√≥n de Zapadores Paracaidistas (EZAPAC)ha concluido con √©xito elejercicio SAO C, un intenso programa de entrenamiento paracaidista t√°ctico que se desarroll√≥ del 10 al 28 de febrero, seg√∫n ha informado elEj√©rcito del Aire y del Espacio.', 'La fecha del art√≠culo es: 21/02/2025 ElEscuadr√≥n de Zapadores Paracidistas(EZAPAC) es la unidad de √©lite por excelencia del Ej√©rcito del Aire y el Espacio.', 'La fecha del art√≠culo es: 31/01/2025 Una de las unidades m√°s recientes en experimentarlos e incorporarlos ha sido elEscuadr√≥n de Zapadores Paracaidistas (EZAPAC)del Ej√©rcito del Aire y del Espacio, la unidad de operaciones especiales de esta instituci√≥n.', 'La fecha del art√≠culo es: 21/02/2025 Prueba de adaptaci√≥n al medio acu√°tico de aspirantes a boinas verdes del Ej√©rcito del Aire y del EspacioEj√©rcito del Aire y del Espacio  22/02/2025Actualizada  04:30 Marchas forzadas con cargas pesadas; fase de adaptaci√≥n al medio acu√°tico; saltos en paraca√≠das; pr√°cticas de desarrollo del combatiente, incluidas maniobras nocturnas; exigentes ejercicios de tiro... son solo algunas de las dur√≠simas pruebas que conlleva el riguroso proceso de selecci√≥n y formaci√≥n delEscuadr√≥n de Zapadores Paracaidistas(EZAPAC),unidad de √©litedel Ej√©rcito del Aire y del Espacio.', 'La fecha del art√≠culo es: 11/03/2025 El EZAPAC ha liderado el entrenamiento t√°ctico paracaidista de unidades de Operaciones EspecialesEj√©rcito del Aire y del Espacio  El Ej√©rcito del Aire ha subrayado que el ejercicio SAO C ha reforzado la preparaci√≥n operativa de las unidades participantes, ¬´consolidando al EZAPAC como una de las unidades de √©lite m√°s capacitadas a nivel nacional e internacional en el uso del paracaidismo como m√©todo deinserci√≥nen escenarios de alta exigencia¬ª.', 'La fecha del art√≠culo es: 11/03/2025 El EZAPAC tambi√©n realiz√≥ un entrenamiento especializado para sus para-rescatadores (PJ), conlanzamientos al aguajunto con embarcaciones, simulando misiones derescate de pilotosen caso de eyecci√≥n o emergencia en alta mar.', 'La fecha del art√≠culo es: 31/01/2025 La EZAPAC es una unidad de √©lite del Ej√©rcito del Aire localizada en labase a√©rea de Alcantarilla(Murcia) y adiestrada para las misiones m√°s arriesgadas comogolpes de mano,neutralizaci√≥n de objetivos,rescate de pilotos en territorio hostil,ataques a√©reos a tierra, y combate en √°reas densamente pobladas.', 'La fecha del art√≠culo es: 24/05/2024 EFE   25/05/2024Actualizada  17:02 El salto en paraca√≠das de dos miembros de la patrulla acrob√°tica del Ej√©rcito del Aire con la bandera de Espa√±a ha sido uno de los momentosm√°s emocionantesy esperados del desfile por el D√≠a de las Fuerzas Armadas en Oviedo este s√°bado.']","['ElEscuadr√≥n de Zapadores Paracidistas(EZAPAC) es la unidad de √©lite por excelencia del Ej√©rcito del Aire y el Espacio.','Marchas forzadas con cargas pesadas; fase de adaptaci√≥n al medio acu√°tico; saltos en paraca√≠das; pr√°cticas de desarrollo del combatiente, incluidas maniobras nocturnas; exigentes ejercicios de tiro... son solo algunas de las dur√≠simas pruebas que conlleva el riguroso proceso de selecci√≥n y formaci√≥n delEscuadr√≥n de Zapadores Paracaidistas(EZAPAC)']",0.8,0.95,0.9,S√≠,1.0,0.8657868228641823,0.8,0.85,0.9,"No

Explicaci√≥n: La respuesta no se ajusta perfectamente al contexto proporcionado, ya que el texto original no menciona espec√≠ficamente a miembros del EZAPAC en el salto con la bandera de Espa√±a durante el desfile. El contexto solo menciona un salto en paraca√≠das realizado por miembros de una patrulla acrob√°tica del Ej√©rcito del Aire, sin relacionarlo directamente con el EZAPAC o sus actividades recientes como se detalla en los p√°rrafos proporcionados."
¬øQu√© es el Q-SLAM-40?,"El Q-SLAM-40 es un sistema dron merodeador desarrollado por una empresa espa√±ola, Arquimea Kindel√°n. Ofrece rapidez en su despliegue y puede operar sin GPS en modo de vuelo pilotado.","El Q-SLAM-40 es un sistema dron merodeador desarrollado por la empresa espa√±ola Arquimea. Est√° dise√±ado para operaciones de corto alcance de protecci√≥n, vigilancia, reconocimiento o evaluaci√≥n de da√±os. Una de sus ventajas es la rapidez de su despliegue y su dif√≠cil detecci√≥n debido a su peque√±o tama√±o y silencioso motor.","['La fecha del art√≠culo es: 02/01/2025 As√≠ es Q-SLAM-40, el dron merodeador que fabrica Espa√±aKindel√°n  Una de sus ventajas es larapidez de su despliegue.', 'La fecha del art√≠culo es: 02/01/2025 Q-SLAM-40 es un sistema dron merodeador desarrollado por una empresa espa√±ola, ArquimeaKindel√°n  Fuerzas Armadas 03/01/2025Actualizada  04:30 Q-SLAM-40es un sistemadron merodeadordesarrollado por una empresa espa√±ola, Arquimea.', 'La fecha del art√≠culo es: 02/01/2025 Armada espa√±ola Adolfo Garrido Q-SLAM-40 es operable en un entornosin GPSen modo de vuelo pilotado.', 'La fecha del art√≠culo es: 23/01/2025 El primero es el de la adquisici√≥n de 25Eurofighterpara sustituir losF-18, que alcanzar√°n su vida √∫til en 2035.', 'La fecha del art√≠culo es: 19/01/2025 Un A400M del Ala 31 ha llevado a cabo, por primera vez, un ejercicio de lanzamiento de bengalas sobre el pol√≠gono de tiro de Bardenas RealesEj√©rcito del Aire y del Espacio  20/01/2025Actualizada  14:15 El A400M es un gigante del aire, un avi√≥n de transporte militar turboh√©lice de cuatro motores que se ha convertido en una pieza clave para el Ej√©rcito del Aire y del Espacio.', 'La fecha del art√≠culo es: 12/01/2025 De un solo uso y el m√°s ligero del mercado, el C-90 es un desarrollo propio presentado en 1983 para destruir carros de combate y objetivos reforzados (bunkers, etc.) que se ha mantenido actualizado por la constante inversi√≥n en I+D de la empresa.', 'La fecha del art√≠culo es: 23/01/2025 Bajo el mar, la apuesta est√° en lossubmarinos S-80, que montaNavantia.', 'La fecha del art√≠culo es: 19/01/2025 Un A400M delAla 31ha llevado a cabo, por primera vez, un ejercicio de lanzamiento de bengalas sobre el pol√≠gono de tiro deBardenas Reales.']","['Q-SLAM-40 es un sistema dron merodeador desarrollado por una empresa espa√±ola,','Q-SLAM-40 es operable en un entornosin GPSen modo de vuelo pilotado.']",0.95,0.8,0.9,S√≠,1.0,0.904712729618413,0.8,0.8,0.8,"S√≠

La respuesta proporcionada es completamente fiel al contexto dado, ya que contiene las siguientes partes clave:

1. ""Q-SLAM-40 es un sistema dron merodeador"" - Esto se menciona en el segundo p√°rrafo del texto.
2. ""desarrollado por una empresa espa√±ola, Arquimea Kindel√°n"" - Esto se menciona en el tercer p√°rrafo.
3. ""Ofrece rapidez en su despliegue"" - Se refiere a la ventaja de la rapidez en el despliegue que se menciona en el primer p√°rrafo.

No hay ninguna imprecisi√≥n o informaci√≥n incorrecta en la respuesta dada, por lo que es fiel al contexto proporcionado."
