user_input,response,reference,retrieved_contexts,reference_context,precision_mistral,recall_mistral,factual_correctness_mistral,faithfulness_mistral,precision_qwen2.5,recall_qwen2.5,factual_correctness_qwen2.5,faithfulness_qwen2.5,real_recall,similarity
Que modelo quiere el ejercito del aire para sustituir a los F18,"El Ej√©rcito del Aire est√° considerando el Dassault Rafale franc√©s o el KF-21 Boramae surcoreano, adem√°s del programa ""Avi√≥n sustituto del AV-8B y C-15M"" con una bolsa econ√≥mica de 6.500 millones. Tambi√©n se menciona la posibilidad de utilizar el H√ºrjet Kindel√°n para sustituir a los Northrop/CASA F-5M.","El Ej√©rcito del Aire est√° considerando el F35 como una opci√≥n para sustituir a parte de sus cazas F18, pero tambi√©n est√° abierto a otras opciones como el Dassault Rafale franc√©s o el KF-21 Boramae surcoreano. El Ej√©rcito del Aire busca un avi√≥n que cumpla con las caracter√≠sticas necesarias para sustituir a los F18, y tambi√©n est√° explorando opciones de entrenadores avanzados. El Jefe del Estado Mayor del Aire (JEMA) ha declarado que la situaci√≥n estar√≠a controlada hasta casi el 2035 con los programas de adquisici√≥n ya en marcha.","['La fecha del art√≠culo es: 19/12/2024 A principios de diciembre, durante un desayuno informativo con medios de comunicaci√≥n, el Jefe del Estado Mayor del Aire (JEMA), general del Aire Francisco Braco,desliz√≥ la posibilidad de que el Ej√©rcito del Aire no s√≥lo piense en los F35para sustituir al resto de cazas F18, y abri√≥ la posibilidad a cazas de fabricaci√≥n francesa o surcoreana, como pueden ser el Dassault Rafale o el KF-21 Boramae.', 'La fecha del art√≠culo es: 11/12/2024 Hace menos de diez d√≠as, durante un encuentro con medios de comunicaci√≥n, el mismo en el que se avanz√≥ que elEj√©rcito del Aire contempla opciones m√°s all√° del F-35 para sustituir a una parte de sus cazas F18, el Jefe del Estado Mayor del Aire (JEMA), general del Aire Francisco Braco, ya avanz√≥ que la hip√≥tesis principal de la investigaci√≥n del accidente se estaba centrando en un colisi√≥n frontal con un ave de grandes dimensiones.', 'La fecha del art√≠culo es: 02/12/2024 Para el resto de esas unidades por sustituir, existe un programa denominado ""Avi√≥n sustituto del AV-8B y C-15M"", es decir, para sustituir a los cazas Harrier AV-8B de la Armada y al resto de cazas F18 del Ej√©rcito del Aire y el Espacio, con una bolsa econ√≥mica asociada de 6.500 millones.', 'La fecha del art√≠culo es: 19/12/2024 Para el resto de esas unidades por sustituir, existe un programa dentro del departamento de Margarita Robles denominado ""Avi√≥n sustituto del AV-8B y C-15M"", es decir, para sustituir a los cazas Harrier AV-8B de la Armada y al resto de cazas F18 del Ej√©rcito del Aire y el Espacio.', 'La fecha del art√≠culo es: 02/12/2024 Loscazas F18del Ej√©rcito del Aire y el Espacio empiezan a atisbar el final de su vida operativo y, como es l√≥gico, se ha comenzado a dise√±ar el plan demodernizaci√≥n del ala de combate.', 'La fecha del art√≠culo es: 28/12/2024 Sin embargo, algunos expertos afirman que el Ej√©rcito del Aire espa√±ol necesitar√≠aal menos 24 unidadesdel H√ºrjet para sustituir a los F-5 (AE-9 designaci√≥n espa√±ola), de los que la espa√±ola CASA -posteriormente integrada dentro de Airbus- lleg√≥ a fabricar bajo licencia 70 unidades, moderniz√°ndolos despu√©s a laversi√≥n F-5BM.', 'La fecha del art√≠culo es: 08/03/2025 H√ºrjetKindel√°n  H√ºrjetKindel√°n  La respuesta reside en que desde el Ej√©rcito del Aire y del Espacio se ve al avi√≥n de entrenamiento H√ºrjet bien posicionado para sustituir a losNorthrop/CASA F-5M, que opera laEscuela de Caza y Ataqueen Talavera la Real (Badajoz).', 'La fecha del art√≠culo es: 20/12/2024 Es por ello que los responsables del Ej√©rcito del Aire y el Espacio llevan tiemposondeando el mercado para ver qu√© aeronave podr√≠a sustituira estos F5 Northrop, una vez que qued√≥ descartada la posibilidad de dise√±ar un nuevo avi√≥n desde cero por falta de tiempo.']
","['Este martes, el Ej√©rcito del Aire se ha abierto a buscar una opci√≥n m√°s all√° del caza estadounidense.','Ante esta situaci√≥n, el Gobierno puede optar por tres opciones.','Para el resto de esas unidades por sustituir, existe un programa dentro del departamento de Margarita Robles denominado ""Avi√≥n sustituto del AV-8B y C-15M"", es decir, para sustituir a los cazas Harrier AV-8B de la Armada y al resto de cazas F18 del Ej√©rcito del Aire y el Espacio.']",0.8,0.9,0.95,S√≠,0.8,0.8,0.9,"S√≠

La respuesta proporcionada es fiel al contexto dado, ya que:

1. Menciona las opciones de aviones para sustituir a los cazas F-18: Dassault Rafale franc√©s y KF-21 Boramae surcoreano.
2. Incluye el programa ""Avi√≥n sustituto del AV-8B y C-15M"" con una bolsa econ√≥mica de 6.500 millones.
3. Menciona la posibilidad de usar el H√ºrjet Kindel√°n para sustituir a los Northrop/CASA F-5M.

Todos estos puntos son consistentes con las declaraciones presentadas en el contexto proporcionado.",0.3333333333333333,0.8237285283562533
Qu√© relaci√≥n tiene Andaluc√≠a con los proyectos de defensa,"Andaluc√≠a est√° comprometida para participar activamente en todos los proyectos claves de defensa a nivel nacional e europeo, enfoc√°ndose en el crecimiento econ√≥mico y tecnol√≥gico dentro del sector.","Andaluc√≠a tiene un papel fundamental en la industria de defensa, tanto a nivel nacional como europeo. La regi√≥n busca participar en todos los proyectos clave del sector y cuenta con instalaciones industriales y tecnol√≥gicas, adem√°s de una s√≥lida red de empresas que contribuyen al desarrollo de sistemas innovadores para la defensa. La Junta de Andaluc√≠a est√° comprometida con el crecimiento de la industria de defensa como motor econ√≥mico y tecnol√≥gico.","['La fecha del art√≠culo es: 03/12/2024 ""Andaluc√≠a tiene un peso en el presente y el futuro de la industria de defensa a nivel nacional y europeo"", afirm√≥, poniendo en valor la capacidad estrat√©gica de la comunidad aut√≥noma para participar en los grandes proyectos del sector.', 'La fecha del art√≠culo es: 03/12/2024 ""Andaluc√≠a quiere estar en todos los proyectos clave"", se√±al√≥, remarcando el compromiso de la Junta de Andaluc√≠a con el crecimiento de la industria de defensa como motor econ√≥mico y tecnol√≥gico.', 'La fecha del art√≠culo es: 03/12/2024 El papel de Andaluc√≠a en el √°mbito de la defensa no es nuevo, pero sus esfuerzos porliderar en este sector estrat√©gicocobran especial relevancia en el contexto actual.', 'La fecha del art√≠culo es: 02/12/2024 Paradelaha comunicado que a pesar de que ""Europa est√° viviendo un momento de incertidumbre, Andaluc√≠a tiene un peso en el presente y el futuro de la industria de defensa a nivel nacional y europeo"",ya que el 30% de la facturaci√≥n agregada est√° en Andaluc√≠a, adem√°s de contar con centros tecnol√≥gicos y activos industriales como Airbus, Indra o AirTech.', 'La fecha del art√≠culo es: 03/12/2024 El consejero de Industria, Energ√≠a y Minas de la Junta de Andaluc√≠a, Jorge Paradela Guti√©rrez, destac√≥ durante el I Foro LiberDefensa el papel fundamental quela regi√≥n andaluza juega en el presente y futuro de la industria de defensa, tanto a nivel nacional como europeo.', 'La fecha del art√≠culo es: 03/12/2024 La Junta de Andaluc√≠a, asegur√≥,seguir√° trabajando para consolidar su posici√≥n como referente en el √°mbito de la defensa y la seguridad.', 'La fecha del art√≠culo es: 02/12/2024 #LiberdefensaLD| Jorge Paradela (Consejero de Industria, Energ√≠a y Minas de la Junta de Andaluc√≠a) üìå Andaluc√≠a, referente en aeron√°utica y defensa naval.pic.twitter.com/cF8SSO8z5Z Adem√°s, se ha abordado como la industria necesitar√° nuevas implantaciones industriales para satisfacer la creciente demanda.', 'La fecha del art√≠culo es: 02/12/2024 El bloque sobre cohesi√≥n territorial subraya que, en tiempos de recesi√≥n econ√≥mica, la defensa puede actuar como una herramienta antic√≠clica, impulsando la actividad econ√≥mica en diversas regiones y creando empleo estable en sectores clave como la ingenier√≠a y la tecnolog√≠a, ya que como ha indicado Mart√≠nez: ""Genera un empleo de much√≠sima calidad‚Äì ingenieros, t√©cnicos especialistas‚Äì y estable"".']
","['El consejero de Industria, Energ√≠a y Minas de la Junta de Andaluc√≠a, Jorge Paradela Guti√©rrez, destac√≥ durante el I Foro LiberDefensa el papel fundamental quela regi√≥n andaluza juega en el presente y futuro de la industria de defensa, tanto a nivel nacional como europeo.','El papel de Andaluc√≠a en el √°mbito de la defensa no es nuevo, pero sus esfuerzos porliderar en este sector estrat√©gicocobran especial relevancia en el contexto actual.']",0.8,0.9,0.9,S√≠,0.8,0.85,0.9,"S√≠

La respuesta proporcionada refleja de manera precisa los puntos principales extra√≠dos del contexto dado, incluyendo:

1. El compromiso de Andaluc√≠a en participar en todos los proyectos clave de defensa a nivel nacional e europeo.
2. La importancia que tiene el sector para el crecimiento econ√≥mico y tecnol√≥gico.
3. La afirmaci√≥n de que Andaluc√≠a juega un papel fundamental en la industria de defensa.

Todos estos puntos est√°n respaldados por las citas del contexto proporcionado, por lo que la respuesta es fiel a la informaci√≥n dada.",1.0,0.857130253511615
Que problemas tiene ATME con su convenio con Desokupa,"ATME enfrenta cuestiones legales y √©ticas debido al acuerdo con Desokupa, incluyendo la ilegalidad en el reclutamiento para recuperaci√≥n de propiedades ocupadas ileg√≠timamente y controversias sobre la legitimidad del acuerdo con una entidad privada ofreciendo formaci√≥n accesible a todos.","La Asociaci√≥n de Tropa y Mariner√≠a Espa√±ola (ATME) tiene un conflicto con el Ministerio de Defensa por un convenio de formaci√≥n firmado con Desokupa. El Ministerio exige la anulaci√≥n del acuerdo argumentando falta de legitimidad y nulidad del objeto del convenio, mientras que ATME se niega a ceder ante las presiones y ha contratado un bufete de abogados para defender su postura. ATME argumenta que el convenio se enmarca dentro de sus objetivos y beneficia a sus asociados.","['La fecha del art√≠culo es: 18/12/2024 ""La asesor√≠a jur√≠dica del Ministerio de Defensa ha emitido un informe por el que queda demostrada lanulidad del acuerdo de servicios formativosentre ATME y Desokupa, por falta de legitimidad de la asociaci√≥n y por el propio objeto del acuerdo"", dec√≠a el comunicado.', 'La fecha del art√≠culo es: 17/12/2024 En un escueto comunicado, el departamento que dirigeMargarita Roblesdice que ""la asesor√≠a jur√≠dica del Ministerio de Defensa ha emitido un informe por el que queda demostrada lanulidad del acuerdo de servicios formativosentre la Asociaci√≥n de Tropa y Mariner√≠a Espa√±ola (ATME) y Desokupa, por falta de legitimidad de la asociaci√≥n y por el propio objeto del acuerdo"".', 'La fecha del art√≠culo es: 05/02/2025 La misma ha sido anunciada en las √∫ltimas horas por laAsociaci√≥n de Tropa y Mariner√≠a Espa√±ola(ATME), una de las asociaciones profesionales con representaci√≥n en el Consejo de Personal de lasFuerzas Armadas(COPERFAS) y que est√° enfrentada con el Ministerio de Defensa a cuenta de su pol√©mico acuerdo de formaci√≥n con la empresa Desokupa.', 'La fecha del art√≠culo es: 18/12/2024 El departamento deMargarita Roblesemiti√≥ este mi√©rcoles un comunicadoexigiendo a ATME que anulase de forma inmediata su acuerdo con Desokupa.', 'La fecha del art√≠culo es: 18/12/2024 La firma de un convenio de formaci√≥n de una de las principales asociaciones de militares en activo conDesokupa, la empresa especializada en la recuperaci√≥n de inmuebles okupados de forma ilegal, y que tambi√©n realiza cursos de defensa personal, primeros auxilios y gu√≠as caninos, podr√≠a acabar en los tribunales.', 'La fecha del art√≠culo es: 17/12/2024 ElMinisterio de Defensaquiere anular el convenio de colaboraci√≥n que ha firmado en las √∫ltimas horasuna de las principales asociaciones demilitaresen activo de lasFuerzas Armadascon la empresaDesokupa, especializada en la recuperaci√≥n de inmuebles okupados de forma ilegal, y que tambi√©n est√° expandiendo su mercado con la realizaci√≥n de cursos relacionados con la defensa personal, los primeros auxilios y los gu√≠as caninos.', 'La fecha del art√≠culo es: 18/12/2024 LaAsociaci√≥n de Tropa y Mariner√≠a Espa√±ola(ATME), una de las asociaciones profesionales de militares en activo con un mayor n√∫mero de socios ‚Äìcerca de los 4.000‚Äì y con representaci√≥n en el Consejo de las Fuerzas Armadas (COPERFAS), ha anunciado este jueves que no admite las presiones del Ministerio de Defensa y que va a mantener su convenio con la mencionada empresa, incluso con tribunales de por medio si hace falta.', 'La fecha del art√≠culo es: 18/12/2024 ""En el caso que nos ocupa, ATME ha suscrito un convenio con una entidad privada que ofrece una formaci√≥n a la que puede acceder la totalidad de la ciudadan√≠a, as√≠ como anteriormente se han firmado decenas de acuerdos de este tipo.']
","['El departamento deMargarita Roblesemiti√≥ este mi√©rcoles un comunicadoexigiendo a ATME que anulase de forma inmediata su acuerdo con Desokupa.','""ATME no va a renunciar a ning√∫n acuerdo de los firmadosy que se enmarcan dentro del objeto de esta asociaci√≥n, dentro de la legalidad, y que redunden en beneficio de sus socios y de la escala de tropa y mariner√≠a a la que representa"", mantiene la asociaci√≥n, que advierte que ""promover√° de forma activa aquellas acciones judiciales que sean pertinentes en respuesta al ataque sufrido a nuestra independencia""']",0.8,0.8,0.9,S√≠,0.8,0.8,0.8,"S√≠

La respuesta proporcionada es fiel al contexto dado, ya que:

1. Menciona las cuestiones legales y √©ticas asociadas con el acuerdo entre ATME y Desokupa.
2. Aborda la ilegalidad en el reclutamiento para recuperaci√≥n de propiedades ocupadas ileg√≠timamente.
3. Tiene en cuenta la controversia sobre la legitimidad del acuerdo entre una entidad privada que ofrece formaci√≥n a todos los ciudadanos.

Estas observaciones se alinean con las informaciones proporcionadas en el contexto, donde se menciona la nulidad del convenio y las razones legales detr√°s de la decisi√≥n del Ministerio de Defensa.",0.5,0.7421427880185597
Que es el proyecto del hub log√≠stico e industrial de Defensa de Arag√≥n,"El proyecto consiste en la creaci√≥n de un gran 'hub' log√≠stico e industrial de defensa en Arag√≥n, enfoc√°ndose en log√≠stica, industria y tecnolog√≠a militar para fortalecer las capacidades de la regi√≥n dentro de Espa√±a.","El proyecto del hub log√≠stico e industrial de Defensa en Arag√≥n busca convertir a la regi√≥n en un centro crucial para la industria de defensa en Espa√±a. Este proyecto, de car√°cter p√∫blico-privado, impulsar√° un ecosistema del sector en torno a la formaci√≥n, investigaci√≥n, emprendimiento, log√≠stica, industria e infraestructuras. El Ministerio de Defensa apoya esta iniciativa y se ha comprometido a facilitar la instalaci√≥n de empresas en la regi√≥n.","['La fecha del art√≠culo es: 10/12/2024 Un acto para lanzar la creaci√≥n de ungran ‚Äòhub log√≠stico e industrial de Defensa‚Äô en Arag√≥n.', ""La fecha del art√≠culo es: 12/01/2025 Presentamos recientemente ante elMinisterio de Defensay junto a laDelegaci√≥n del Gobierno en Arag√≥ny elAyuntamiento de Zaragoza, un proyecto para impulsar un 'hub' de defensa en colaboraci√≥n con el cl√∫ster de aeron√°utica y aeroespacial¬ª al entender, dijo, que ¬´Arag√≥n tiene oportunidades por su tradici√≥n en materia de defensa¬ª para ser referente en esta materia."", 'La fecha del art√≠culo es: 02/12/2024 Azc√≥n destac√≥ la capacidad de Arag√≥n en la industria de defensa, as√≠ como ha afirmado que ""en Arag√≥n lo que ofrecemos desde el punto de vista de la defensa es log√≠stica, industria, tecnolog√≠a y experiencia en el ej√©rcito"", pues ""hablar del ej√©rcito en Arag√≥n es hablar de la Academia Militar, la Brigada Arag√≥n, etc."".', 'La fecha del art√≠culo es: 10/12/2024 ElGobierno deArag√≥nquiere aprovechar la fuerte implantaci√≥n de lasFuerzas Armadasen la regi√≥n y su situaci√≥n estrat√©gica en el territorio nacional para convertirse en una ubicaci√≥n crucial para la industria de Defensa en Espa√±a.', 'La fecha del art√≠culo es: 10/12/2024 ""Vamos a seguir estrechando el contacto con las industrias, con las empresas que se dedican a fabricar productos de Defensa, para decirles que en Arag√≥n van a tener un sitio id√≥neo donde poder desarrollar su actividad"", ha explicado Azc√≥n tras su reuni√≥n con Robles, y ha puesto como ejemplo a empresas comoInstalaza y Escribano M&E, de las que ha dicho que se les van a ponertodas las facilidades para ampliar sus instalacionesen Zaragoza y Bin√©far (Huesca).', 'La fecha del art√≠culo es: 02/12/2024 #LiberdefensaLD| Jorge Azc√≥n, presidente de Arag√≥n, sobre Zaragoza como punto estrat√©gico.pic.twitter.com/oEzZeVcQUQ La mesa redonda posterior ""La Defensa, eje de crecimiento y empleo"" fue moderada porJavier Arias Borque, periodista yresponsable de Defensa del Grupo Libertad Digital, que analiz√≥ c√≥mo ""invertir en industria de defensa no es solo invertir en defensa nacional, sino invertir en riqueza y creaci√≥n de empleo para nuestro pa√≠s"", ya que esta industria ofrece un empleo de calidad, por lo que se requiere de una industria adaptada a las nuevas tecnolog√≠as que est√°n revolucionando los sistemas militares, as√≠ como la necesidad de modernizar y ampliar la capacidad de las Fuerzas Armadas para garantizar la seguridad y competitividad de Espa√±a dentro de un contexto europeo m√°s tenso.', 'La fecha del art√≠culo es: 12/01/2025 La prueba es el anuncio de que ampliar√° de forma significativa sus capacidades productivas con la construcci√≥n de unanueva f√°bricaen elantiguo polvor√≠n de Cadrete, una instalaci√≥n militar situada al noreste de Mar√≠a de Hueva, y al suroeste de laCiudad Deportiva del Real Zaragoza, a unos nueve kil√≥metros de la capital aragonesa.', 'La fecha del art√≠culo es: 25/01/2025 El complejo ¬´embalaje¬ª de SpainSat NG-I: Env√≠o a Cabo Ca√±averal para su lanzamientoAirbus  El contratista principal del proyecto esAirbus Defence and Space.']
","['Un acto para lanzar la creaci√≥n de ungran ‚Äòhub log√≠stico e industrial de Defensa‚Äô en Arag√≥n.','El proyecto aspira a impulsar un ecosistema transversal del sector de la Defensa en la comunidad aut√≥noma, de car√°cter p√∫blico-privado, en torno a la formaci√≥n, investigaci√≥n, emprendimiento, log√≠stica, industria e infraestructuras, contribuyendo a laampliaci√≥n de la base industrial y tecnol√≥gica espa√±ola de la Defensa y a la de la propia regi√≥n. Un proyecto que podr√≠a generar un importante n√∫mero de empleo de alta calidad','De hecho, se ha comprometido a visitar en pr√≥ximas fechas Arag√≥n para, en palabras de Azc√≥n, ""contarle a las industrias de Defensa cu√°les son las potencialidades y cu√°les son las fortalezas"" de la comunidad.']",0.8,0.9,0.9,"S√≠, la respuesta es completamente fiel al contexto.",0.8,0.85,0.9,"No.

La respuesta proporcionada no es completamente fiel al contexto dado. La informaci√≥n del contexto se centra en los planes para un ""hub"" de defensa en Arag√≥n, involucrando la colaboraci√≥n entre el Gobierno de Arag√≥n, las Fuerzas Armadas, el cl√∫ster de aeron√°utica y aeroespacial, y empresas locales. Sin embargo, la respuesta menciona espec√≠ficamente a Airbus Defence and Space como contratista principal del proyecto SpainSat NG-I, lo cual no est√° presentado en el contexto proporcionado. Adem√°s, el foco del contexto es m√°s sobre las capacidades existentes de Arag√≥n en defensa y la intenci√≥n de fortalecer estas mediante un hub industrial y log√≠stico, y menos sobre proyectos concretos como el SpainSat NG-I.",0.3333333333333333,0.9112731299442309
Que ha pasado con los dos buques de guerra rusos que navegaron por aguas cerca de Espa√±a,"La fragata F-102 Almirante Juan de Borb√≥n tuvo que controlar el tr√°nsito del segundo buque ruso, no especificado en este contexto. La embarcaci√≥n ""Yelnya"" pas√≥ desapercibida o su destino es desconocido seg√∫n la informaci√≥n proporcionada hasta finales de 2024.","Una fragata de la Armada Espa√±ola, la F-102 Almirante Juan de Borb√≥n, control√≥ el tr√°nsito de la fragata ""Almirante Gorshkov"" de la Marina Rusa por la costa norte de Espa√±a. El control se inici√≥ en Pontevedra, tras la misi√≥n de un buque portugu√©s, y finaliz√≥ cuando una fragata francesa relev√≥ a la espa√±ola. El destino del buque de reabastecimiento ""Yelnya""no se menciona en los textos.","['La fecha del art√≠culo es: 15/12/2024 El √∫ltimo ejemplo de ello ha tenido lugar en los √∫ltimos d√≠as, en los que lafragata F-83 Numanciaha estado controlando lanavegaci√≥n de dos buques de guerra rusosque navegan por aguas pr√≥ximas a Espa√±a y a sus √°reas de responsabilidad mar√≠tima.', 'La fecha del art√≠culo es: 18/12/2024 Si hace s√≥lo unas semanas fue lafragata F-83 Numancia la que tuvo que controlar el tr√°nsito de dos buques de guerra rusos por toda la costa espa√±ola, desde las Islas Baleares hasta la frontera sur con Portugal, ahora le ha tocado el turno a lafragata F-102 Almirante Juan de Borb√≥n, que ha tenido que controlar eltr√°nsito de una embarcaci√≥n de la Marina rusa por toda la costa norte espa√±ola.', 'La fecha del art√≠culo es: 09/03/2025 Defensa Alonso Palacios En los √∫ltimos dos a√±os, la presencia de buques de guerra rusos en aguas de inter√©s para Espa√±a ha experimentado un notable incremento, derivado del conflicto en Ucrania y la reconfiguraci√≥n de rutas mar√≠timas por parte de la Armada rusa.', 'La fecha del art√≠culo es: 15/12/2024 Losbuques de la Armada espa√±olasiguen controlando de cerca el paso de las embarcaciones rusas por aguas espa√±olas o en sus cercan√≠as.', 'La fecha del art√≠culo es: 09/03/2025 As√≠, a principios de enero, las fragatasVictoriayBlas de Lezo, as√≠ como el buque de acci√≥n mar√≠timaTornado, realizaron el seguimiento de buques rusos durante su tr√°nsito por espacios mar√≠timos de inter√©s para Espa√±a en el mar de Albor√°n, golfo de C√°diz y la fachada atl√°ntica.', 'La fecha del art√≠culo es: 18/12/2024 La actividad de los buques de guerra rusos en aguas de responsabilidad espa√±ola en las √∫ltimas semanas est√° siendo fren√©tica.', 'La fecha del art√≠culo es: 18/12/2024 Fuentes del Estado Mayor de la Defensa han explicado que la embarcaci√≥n rusa controlada ha sido lafragata ""Almirante Gorshkov"", una de las dos embarcaciones que fueron contraladas en la otra esquina peninsular la pasada semana, pero no han explicado qu√© ha pasado con elbuque de reabastecimiento ""Yelnya"", la otra de las embarcaciones de la Marina rusa que borde√≥ la Pen√≠nsula por el sur.', 'La fecha del art√≠culo es: 09/03/2025 Y detr√°s de ellos,monitorizando y controlandoa ambos buques rusos, ha estado una fragata de la Armada espa√±ola.']
","['lafragata F-83 Numancia la que tuvo que controlar el tr√°nsito de dos buques de guerra rusos por toda la costa espa√±ola','Fuentes del Estado Mayor de la Defensa han explicado que la embarcaci√≥n rusa controlada ha sido lafragata ""Almirante Gorshkov"", una de las dos embarcaciones que fueron contraladas en la otra esquina peninsular la pasada semana']",0.9,0.9,0.9,S√≠,0.8,0.8,0.8,"No.

La respuesta contiene elementos que no se corresponden con los datos proporcionados en el contexto:

1. **Fragata F-102 Almirante Juan de Borb√≥n**: En el contexto, este buque control√≥ la navegaci√≥n de un solo buque ruso por la costa norte espa√±ola, y se menciona que ha sido la fragata F-83 Numancia quien ha estado realizando controles en la costa sur.

2. **Embarcaci√≥n ""Yelnya""**: Se indica en el contexto que la fuente del art√≠culo no proporcion√≥ informaci√≥n sobre lo que sucedi√≥ con este buque de reabastecimiento tras ser controlado por los buques espa√±oles, pero esto es interpretado como si este buque pasara desapercibido o su destino es desconocido. Esto est√° incorrecto porque no se puede asumir ni confirmar tal cosa sin m√°s informaci√≥n.

La respuesta correcta deber√≠a ser que la fragata F-102 Almirante Juan de Borb√≥n control√≥ un buque ruso en el norte, pero no se puede afirmar nada sobre el destino del ""Yelnya"" a menos que se tenga esa informaci√≥n.",1.0,0.6942158585301181
Qu√© acuerdo de 4.000 millones hay entre Airbus y Defensa,"Se ha firmado un contrato para la adquisici√≥n de 25 nuevos cazas Eurofighter Typhoon (Tranche 4) por parte del Ministerio de Defensa con una cantidad total de 4.000 millones de euros, incluyendo dossimuladores de √∫ltima generaci√≥n y su infraestructura asociada.","Entre el 18/12/2024 y el 22/12/2024, el Ministerio de Defensa y Airbus firmaron un acuerdo para la compra de 25 cazas Eurofighter Typhoon del programa Halc√≥n II. Este acuerdo tiene un valor de 4.000 millones de euros e incluye simuladores, motores, repuestos y el mantenimiento de los cazas de los programas Halc√≥n I y II. Estos cazas est√°n destinados a sustituir a parte de los F-18 operativos en la pen√≠nsula.","['La fecha del art√≠culo es: 19/12/2024 La ministra de Defensa,Margarita Robles, ha formalizado este viernes en la sede deAirbusel segundo de los contratos, por los que se recibir√°n25 cazas Eurofighter Typhoon de la Tranche 4, la m√°s moderna o evolucionada que hay en estos momentos en el mercado, por una cantidad de 4.000 millones de euros.', 'La fecha del art√≠culo es: 19/12/2024 La bolsa econ√≥mica de los 4.000 millones de euros,aprobada por el Consejo de Ministros en el mes de septiembre de 2023, no s√≥lo incluye los 25 aparatos, sino tambi√©n dossimuladores de √∫ltima generaci√≥ncon toda su infraestructura,motores y m√∫ltiples piezas de recambio, as√≠ como elmantenimiento habitual de los cazas.', 'La fecha del art√≠culo es: 19/12/2024 La ministra de Defensa, Margarita Robles, durante el acto de firma del contrato con Airbus para la adquisici√≥n de 25 nuevos EurofighterMinisterio de Defensa  La ministra ha enfatizado la magn√≠fica calidad de la industria de defensa espa√±ola, que ¬´nos permite cumplir con nuestros compromisos en el marco de la UE y la OTAN, as√≠ como gozar de una elevada consideraci√≥n y ser valorado como un socio fiable y serio¬ª.', 'La fecha del art√≠culo es: 19/12/2024 Acto de firma del contrato con Airbus para la adquisici√≥n de 25 nuevos Eurofighter.', 'La fecha del art√≠culo es: 19/12/2024 El Gobierno aprob√≥ en septiembre de 2023 la producci√≥n de las 25 aeronaves, que se sumaron a un contrato anterior por otro lote de 20 cazas.', 'La fecha del art√≠culo es: 20/12/2024 En este contexto, elMinisterio de Defensaanunci√≥ este viernes la firma de unconveniode colaboraci√≥n con laSecretar√≠a de Industria de Defensa turca, ""un memorando para desarrollar unsistema de entrenamiento avanzado para pilotos de caza del Ej√©rcito del Airecon participaci√≥n industrial de Espa√±a y Turqu√≠a"".', 'La fecha del art√≠culo es: 19/12/2024 Un paquete que no s√≥lo es para las unidades del programa Halc√≥n II, sino que tambi√©n incluye a los 20 cazas del programa Halc√≥n I. Durante la firma, Margarita Robles ha mantenido que ""el compromiso del Gobierno de Espa√±a con la inversi√≥n en Defensa es inequ√≠voco"", que esta adquisici√≥n es ""un refuerzo de las capacidades para el Ej√©rcito de Aire y del Espacio, en unos momentos muy complicados en los que la modernizaci√≥n es esencial"" y que, adem√°s, ""nos permite cumplir con nuestros compromisos en la UE y la OTAN, as√≠ como gozar de una elevada consideraci√≥n y ser valorado como un socio fiable y serio"".', 'La fecha del art√≠culo es: 19/12/2024 Al acto celebrado hoy han acudido tambi√©n el jefe de Estado Mayor del Ej√©rcito del Aire y del Espacio, general del AireFrancisco Braco; el presidente de Airbus Espa√±a,Francisco Javier S√°nchez Segura, y los CEO de ‚ÄòEurofighter‚Äô,Giancarlo Mezzanatto, y Eurojet,Ralf Breiling.']
","['La ministra de Defensa,Margarita Robles, ha formalizado este viernes en la sede deAirbusel segundo de los contratos, por los que se recibir√°n25 cazas Eurofighter Typhoon de la Tranche 4, la m√°s moderna o evolucionada que hay en estos momentos en el mercado, por una cantidad de 4.000 millones de euros.','Un paquete que no s√≥lo es para las unidades del programa Halc√≥n II, sino que tambi√©n incluye a los 20 cazas del programa Halc√≥n I.']",0.95,0.8,0.9,S√≠,0.8,0.8,0.8,"S√≠

La respuesta proporcionada es fiel al contexto dado, ya que menciona:

1. La adquisici√≥n de 25 nuevos cazas Eurofighter Typhoon (Tranche 4).
2. El monto total del contrato, que es de 4.000 millones de euros.
3. La inclusi√≥n de dos simuladores de √∫ltima generaci√≥n y su infraestructura asociada.

No se han introducido cambios o suposiciones no justificadas en relaci√≥n con la informaci√≥n proporcionada en el contexto.",1.0,0.7441943548998716
La princesa Leonor y la Escuela Naval militar,"La Princesa Leonor ha comenzado su segundo a√±o de formaci√≥n en el tercer curso de la Academia como Guardiamarina de Primera. El capit√°n de nav√≠o Pedro Cardona Suanzes renunci√≥ al ascenso para servir como tutor personal durante su estancia all√≠. A su llegada, salud√≥ a los oficiales dirigentes del centro militar.","El 29 de agosto de 2024, la Princesa Leonor de Borb√≥n ingres√≥ en la Escuela Naval Militar de Mar√≠n (Pontevedra) para iniciar su segundo a√±o de formaci√≥n militar. Este a√±o comparte clase con los futuros oficiales de la Armada y la Infanter√≠a de Marina, y tiene el rango de Guardiamarina de Primera. El capit√°n de nav√≠o Pedro Cardona Suanzes es su tutor personal durante su estancia en la academia.","['La fecha del art√≠culo es: 28/08/2024 La Princesa Leonor de Borb√≥n ha ingresado en la Escuela Naval Militar, donde comenzar√° su segundo a√±o de formaci√≥n militar, dentro del plan especial de tres a√±os que se ha creado para ella como heredera de la Corona.', 'La fecha del art√≠culo es: 28/08/2024 Leonor de Borb√≥n conociendo las instalaciones de la Escuela Naval Militar de Mar√≠n (Pontevedra).', 'La fecha del art√≠culo es: 28/08/2024 Leonor de Borb√≥n ha sido recibida a las puertas del centro por el comandante-director de la Escuela Naval Militar, capit√°n de nav√≠o Pedro Cardona Suanzes.', 'La fecha del art√≠culo es: 28/08/2024 La Princesa de Asturias ha pasado a firmar en el libro de honor de la Escuela Naval Militar de Mar√≠n (Pontevedra) acompa√±ada por el comandante-director.', 'La fecha del art√≠culo es: 28/08/2024 El capit√°n de nav√≠o ha renunciado al ascenso para dirigir la academia durante la estancia de la heredera de la Corona y hacer de tutor personal durante los meses que Leonor de Borb√≥n est√© en ella.', 'La fecha del art√≠culo es: 28/08/2024 A su llegada al centro militar, la Princesa de Asturias ha saludado a los oficiales que forman parte de la direcci√≥n de la academia.', 'La fecha del art√≠culo es: 28/08/2024 La Princesa de Asturias comienza en el tercer curso de la academia, con el rango de Guardiamarina de Primera.', 'La fecha del art√≠culo es: 28/08/2024 ‚ÄúHoy me incorporo, con gran ilusi√≥n, a esta Escuela Naval Militar para continuar con mi formaci√≥n castrense.']
","['La Princesa Leonor de Borb√≥n ha ingresado en la Escuela Naval Militar, donde comenzar√° su segundo a√±o de formaci√≥n militar','La Princesa de Asturias, Leonor de Borb√≥n, ha zarpado este s√°bado en el XCVII crucero de instrucci√≥n del Juan Sebasti√°n Elcano, el buque-escuela de la Armada espa√±ola.']",0.8,0.9,0.9,S√≠,0.8,0.8,0.9,"S√≠

La respuesta proporcionada es fiel al contexto dado, ya que incluye todos los elementos clave:
1. La Princesa Leonor ha comenzado su segundo a√±o de formaci√≥n en el tercer curso.
2. Su posici√≥n dentro del programa acad√©mico: Guardiamarina de Primera.
3. El nombre y cargo del oficial que renunci√≥ al ascenso para servir como tutor personal (capit√°n de nav√≠o Pedro Cardona Suanzes).
4. La salutaci√≥n a los oficiales dirigentes del centro militar.

Todo esto se ajusta perfectamente al contenido proporcionado en el contexto.",0.5,0.8384521844860413
Desfile militar,"Un desfile militar tuvo lugar el s√°bado por la lluvia en la capital, con presencia del regimiento Inmemorial del Rey n¬∞1.","El 12 de octubre de 2024 se celebr√≥ el desfile militar por el D√≠a de la Fiesta Nacional, aunque la lluvia caus√≥ la suspensi√≥n del desfile a√©reo y los saltos paracaidistas. Felipe VI y la Princesa Leonor rindieron homenaje a la bandera y a los ca√≠dos. A pesar de la lluvia, hubo un desfile terrestre con diversas unidades y veh√≠culos militares.","['La fecha del art√≠culo es: 11/10/2024 El regimiento Inmemorial del Rey n¬∞ 1 del ej√©rcito de tierra, desfilando bajo la lluvia que ha azotado este s√°bado la capital.', 'La fecha del art√≠culo es: 11/10/2024 El Tercio Juan de Austria 3¬∫ de la Legi√≥n ha desfilado con Killo, un carnero un borrego de seis a√±os que ya desfil√≥ ante su Majestad el Rey en Granada con motivo del D√≠a de las Fuerzas Armadas (DIFAS) de 2023.', 'La fecha del art√≠culo es: 11/10/2024 El Escuadr√≥n\xa0de Sables de la Guardia Civil a su paso por la tribuna de autoridades.', 'La fecha del art√≠culo es: 11/10/2024 Batall√≥n de Guardia Civil a su paso por el palco real donde se encontraba el Jefe del Estado.', 'La fecha del art√≠culo es: 11/10/2024 Un VEC (Veh√≠culo de Exploraci√≥n de Caballer√≠a) del Regimiento de Caballer√≠a ‚ÄòLusitania‚Äô n¬∫8\xa0 del Ej√©rcito de Tierra.', 'La fecha del art√≠culo es: 11/10/2024 La Guardia Civil ha mostrado un blindado Lince -que prest√≥ servicio en Afganist√°n- y un blindado URO VAMTAC con una escalinata en el techo para realizar intervenciones especiales.', 'La fecha del art√≠culo es: 11/10/2024 Regimiento Am√©rica N¬∫66 de Cazadores de Monta√±a.', 'La fecha del art√≠culo es: 11/10/2024 Felipe VI pasando revista al batall√≥n de honores de la Guardia Real..']
","['La Familia Real (a excepci√≥n de la infanta Sof√≠a, que no ha podido acudir al desfile) ante la bandera de Espa√±a durante el desfile por el d√≠a de la Fiesta Nacional realizando el saludo protocolario a la ense√±a nacional.','Un VEC (Veh√≠culo de Exploraci√≥n de Caballer√≠a)','El regimiento Inmemorial del Rey n¬∞ 1 del ej√©rcito de tierra, desfilando bajo la lluvia que ha azotado este s√°bado la capital.']",0.8,0.7,0.95,S√≠,0.8,0.85,0.8,"S√≠

La respuesta proporcionada coincide con los detalles dados en el contexto:

1. Menciona que el desfile tuvo lugar bajo lluvia, reflejando la descripci√≥n del contexto.
2. Refiere a la presencia del Regimiento Inmemorial del Rey n¬∞ 1.
3. Indica que el evento ocurri√≥ en un s√°bado.

Aunque la respuesta no menciona todos los detalles adicionales del contexto (como la presencia de otros regimientos y veh√≠culos espec√≠ficos), sigue siendo fiel al punto clave de que hubo un desfile militar bajo lluvia con la participaci√≥n del Regimiento Inmemorial del Rey n¬∞ 1.",0.6666666666666666,0.7654313624056792
Que ha pasado con Feindef y las empresas israelis,"El evento de FeindeF no tendr√° participaci√≥n institucional de Israel, ni de ninguna empresa israel√≠. Amparo Valcarce anunci√≥ el boicot a las empresas israel√≠es.","Entre el 15/10/2024 y el 31/10/2024, Defensa oblig√≥ a Feindef a vetar a Israel y a sus empresas. No habr√° participaci√≥n institucional de Israel, ni de ninguna empresa israel√≠, en la feria debido al compromiso de Espa√±a con la paz y seguridad en Palestina y L√≠bano y el respeto al Derecho Internacional humanitario.","['La fecha del art√≠culo es: 29/10/2024 FEINDEF, que tiene el apoyo institucional del Ministerio de Defensa desde sus inicios en 2019, es un evento bienal y esta nueva edici√≥n contar√° entre sus principales empresas patrocinadoras con seis de las grandes del sector de la Defensa en Espa√±a:Airbus, Amper, Escribano, Grupo Oes√≠a, Indra y Navantia.', 'La fecha del art√≠culo es: 29/10/2024 Elaspecto negativodel certamen lo ha anunciado la secretaria de Estado de Defensa,Amparo Valcarce, mano derecha de la ministra,Margarita Robles, que ha anunciado que se har√°boicot a las empresas israel√≠es: ""No habr√° participaci√≥n institucional de Israel, ni de ninguna empresa israel√≠.', 'La fecha del art√≠culo es: 26/10/2024 Se trata de un nuevo departamento que tiene un car√°cter estrat√©gico, y que nace con la misi√≥n de articular la industria en un momento particularmente complejo de la situaci√≥n internacional, especialmente tras la invasi√≥n de Rusia a Ucrania.', 'La fecha del art√≠culo es: 29/10/2024 Encu√©ntranos en:', 'La fecha del art√≠culo es: 22/10/2024 Encu√©ntranos en:', 'La fecha del art√≠culo es: 27/10/2024 Encu√©ntranos en:', 'La fecha del art√≠culo es: 17/10/2024 Encu√©ntranos en:', 'La fecha del art√≠culo es: 28/10/2024 Encu√©ntranos en:']
","['Elaspecto negativodel certamen lo ha anunciado la secretaria de Estado de Defensa,Amparo Valcarce, mano derecha de la ministra,Margarita Robles, que ha anunciado que se har√°boicot a las empresas israel√≠es']",0.8,0.8,0.95,S√≠,0.8,0.85,0.9,"S√≠

La respuesta proporcionada es fiel al contexto dado, ya que:

1. Confirma que FeindeF (FEINDEF) no tendr√° participaci√≥n institucional de Israel ni de ninguna empresa israel√≠.
2. Menciona que Amparo Valcarce, la secretaria de Estado de Defensa, anunci√≥ el boicot a las empresas israel√≠es.

Sin embargo, se podr√≠a mejorar la precisi√≥n al mencionar espec√≠ficamente la fecha (29/10/2024) en la que este anuncio fue hecho por Amparo Valcarce. A pesar de esto, la respuesta mantiene esenciales los puntos clave del contexto proporcionado.",1.0,0.6145603610160171
Para que sirve la planta industrial de Navantia,Mejora significativamente su capacidad para producir materiales para sus proyectos navales.,"La planta industrial de Navantia se utiliza principalmente para el dise√±o y construcci√≥n de buques, como los submarinos de la clase S-80 y las fragatas F-110. Tambi√©n se encarga de la modernizaci√≥n, reparaci√≥n y el desarrollo de sistemas tecnol√≥gicos para estos buques. Adem√°s, participa en proyectos internacionales de construcci√≥n naval","['La fecha del art√≠culo es: 05/01/2025 Armada | Navantia Alonso Palacios Seg√∫n el comunicado por los astilleros espa√±oles, ¬´en virtud del acuerdo, la filial brit√°nica de Navantia gestionar√° lascapacidades industriales de Harland & Wolffaplicando su experiencia en construcci√≥n naval, gesti√≥n de programas complejos y transferencia de conocimiento¬ª ¬´Navantia UK valora positivamente el compromiso del Gobierno brit√°nico con el programa de construcci√≥n naval FSS y garantiza su ejecuci√≥n y el fortalecimiento de las capacidades industriales locales, de acuerdo con las necesidades de construcci√≥n naval y del mercado de defensa de Reino Unido¬ª, agreg√≥ la declaraci√≥n de la empresa espa√±ola.', 'La fecha del art√≠culo es: 05/01/2025 A semejanza de Navantia, se ha especializado en varias l√≠neas de negocio, adem√°s de defensa, como la construcci√≥n y mantenimiento de grandes cruceros y mercantes, y fabricaci√≥n de infraestructuras renovables.', 'La fecha del art√≠culo es: 05/01/2025 Navantia aporta fundamentalmente transferencia tecnol√≥gica ¬´Astillero 4.0¬ª y experiencia en la gesti√≥n.', 'La fecha del art√≠culo es: 12/03/2025 Entre sus aportaciones tecnol√≥gicas, Navantia destaca elsistema de combate y controlde plataforma de Navantia Sistemas, y unsistema de propulsi√≥n anaer√≥bico revolucionariodesarrollado por Navantia que aporta gran sigilo en inmersi√≥n, denominadoBEST-AIP.', 'La fecha del art√≠culo es: 29/12/2024 A esto se suma la puesta en marcha de una planta industrial de alta capacidad para estos materiales, as√≠ como la creaci√≥n de nuevas oficinas centrales y una planta dedicada a materias inertes.', 'La fecha del art√≠culo es: 13/03/2025 El dise√±o de las corbetas es de √∫ltima generaci√≥n, maximizando la participaci√≥n de Navantia, incorporando productos propios como el sistema de combate HAZEM, a trav√©s de la joint venture SAMINavantia, el sistema integrado de comunicaciones HERMESYS, el sistema de control de fuego DORNA, el Sistema Integrado de Control de Plataforma, el puente integrado MINERVA, motores propulsores bajo licencia MTU, grupos electr√≥genos diesel y reductoras bajo licencia Schelde.', 'La fecha del art√≠culo es: 12/01/2025 Seg√∫n la compa√±√≠a, una vez est√© finalizada la nueva planta contigua a sus actuales instalaciones en Cadrete,duplicar√° la plantilla y tambi√©n la capacidad de producci√≥n.', ""La fecha del art√≠culo es: 09/03/2025 En esta misma operaci√≥n, la '√Ålvaro de Baz√°n'""]
","['El dise√±o de las corbetas es de √∫ltima generaci√≥n, maximizando la participaci√≥n de Navantia, incorporando productos propios como el sistema de combate HAZEM, a trav√©s de la joint venture SAMINavantia, el sistema integrado de comunicaciones HERMESYS, el sistema de control de fuego DORNA, el Sistema Integrado de Control de Plataforma, el puente integrado MINERVA, motores propulsores bajo licencia MTU, grupos electr√≥genos diesel y reductoras bajo licencia Schelde.']",0.95,0.85,0.9,S√≠,0.8,0.85,0.8,"S√≠

La respuesta ""Mejora significativamente su capacidad para producir materiales para sus proyectos navales"" es fiel a la informaci√≥n dada en el contexto, espec√≠ficamente en esta parte: ""A esto se suma la puesta en marcha de una planta industrial de alta capacidad para estos materiales, as√≠ como la creaci√≥n de nuevas oficinas centrales y una planta dedicada a materias inertes."" Esta frase indica que Navantia est√° aumentando sus capacidades de producci√≥n, lo cual coincide con la afirmaci√≥n dada en la respuesta.",1.0,0.6301577151862984
¬øEst√° Alemania reforzando su defensa?,"S√≠, desde la invasi√≥n a gran escala de Ucrania por parte del presidente ruso Vladimir Putin en 2022, Alemania ha experimentado una profunda transformaci√≥n en el enfoque de sus fuerzas armadas. Adem√°s, se est√° aumentando el gasto defensivo y se espera que las reglas limitantes sobre el nivel de deuda sean relajadas para autorizar un aumento inmediato del gasto defensivo. Sin embargo, la parte principal del plan recae en los estados miembros alemanes individually a elevar su gasto nacional en defensa.","S√≠, Alemania est√° reforzando su defensa. Desde la invasi√≥n a gran escala de Ucrania en 2022, Alemania ha experimentado una profunda transformaci√≥n en la forma de enfocar sus fuerzas armadas. La presidenta de la Comisi√≥n Europea, Ursula von der Leyen, ha llamado a hacer un esfuerzo colectivo para lanzar la Defensa europea.","['La fecha del art√≠culo es: 25/03/2025 Alemania acaba de llegar a un pacto hist√≥rico para aumentar el gasto en defensa, pero en Espa√±a descartan incrementarlo.', 'La fecha del art√≠culo es: 26/02/2025 La multinacional alemana de armamentoRheinmetallest√° replanificando su estrategia en un contexto marcado por la necesidad europea de aumentar su inversi√≥n en defensa y la crisis que atenaza al mercado del autom√≥vil en toda Europa y particularmente enAlemania.', 'La fecha del art√≠culo es: 10/03/2025 De todos modos, la conservadora alemana ha subrayado quela parte principal del plan recae en los hombros de los Estados miembros, que son los que deben elevar el gasto nacional en Defensa y recuperar los niveles de inversi√≥n de hace d√©cadas.', 'La fecha del art√≠culo es: 12/07/2024 Seguiremos impulsando y perfeccionando esta innovaci√≥n fabricada en Alemania para poder ofrecer a la Fuerza A√©rea alemana una soluci√≥n asequible con el rendimiento que necesita para maximizar los efectos y multiplicar la potencia de su flota de cazas para la d√©cada de 2030¬ª, afirm√≥Michael Schoellhorn, CEO de Airbus Defence and Space.', 'La fecha del art√≠culo es: 09/03/2025 Pero la alta funcionarios alemana tambi√©n puso en valor las medidas ya aprobadas, incluyendo el instrumento de 150.000 millones y, por supuesto, los 600.000 millones en espacio fiscal que Bruselas da a los pa√≠ses para disparar el gasto en Defensa a trav√©s de la activaci√≥n de las cl√°usulas de escape.', 'La fecha del art√≠culo es: 12/03/2025 Las fuerzas armadas alemanas prosiguieron su rearme, pero siguieron sufriendo graves carencias de personal el a√±o pasado, seg√∫n un informe presentado el martes al Parlamento del pa√≠s.', 'La fecha del art√≠culo es: 12/03/2025 Desde la invasi√≥n a gran escala de Ucrania por parte del presidente ruso Vladimir Putin en 2022, Alemania ha experimentado una profunda transformaci√≥n en la forma de enfocar sus fuerzas armadas.', 'La fecha del art√≠culo es: 17/02/2025 Ese aumento de la inversi√≥n es lo que espera de Alemania tras las elecciones de este domingo: se√±ala que cree que las reglas que limitan el nivel de deuda en su pa√≠s se relajar√°n paraautorizar un aumento de gasto en defensa ""inmediato"".']
","['Desde la invasi√≥n a gran escala de Ucrania por parte del presidente ruso Vladimir Putin en 2022, Alemania ha experimentado una profunda transformaci√≥n en la forma de enfocar sus fuerzas armadas.']",0.8,0.7,0.9,S√≠,0.8,0.8,0.9,"S√≠, la respuesta es fiel a la informaci√≥n dada en el contexto. La respuesta menciona correctamente los siguientes puntos:

1. La transformaci√≥n de las fuerzas armadas alemanas tras la invasi√≥n de Ucrania por parte de Rusia.
2. El aumento del gasto defensivo esperado de Alemania.
3. Que las reglas sobre el nivel de deuda podr√≠an ser relajadas para permitir un incremento del gasto en defensa.
4. La responsabilidad principal de los estados miembros alem√°n en elevar su gasto nacional en defensa.

Todos estos puntos est√°n respaldados por la informaci√≥n proporcionada en el contexto, por lo que la respuesta es correcta y fiel al contenido dado.",1.0,0.8685516735898877
¬øQue est√° provocando que los de Belarra se alejen del Gobierno?,"Los elementos acumul√°ndose, incluyendo el aumento militar como excusa para recortes sociales, as√≠ como diferencias ideol√≥gicas sobre defensa nuclear son factores clave.","La obligaci√≥n del Gobierno de aumentar el gasto en Defensa ha llevado la relaci√≥n con Podemos al l√≠mite. Adem√°s, Podemos percibe que se prioriza a otros partidos en las negociaciones y que no se cumplen los acuerdos previos, como el impuesto a las energ√©ticas. Esto ha provocado que en la c√∫pula de Belarra admitan que sus caminos se van separando.","['La fecha del art√≠culo es: 13/03/2025 Los de Belarra advierten que su camino ""se va separando"" del camino del Gobierno Hay una an√©cdota que resume la dificultad que siempre han tenido para entendersePSOEyPodemos.', 'La fecha del art√≠culo es: 14/03/2025 As√≠ lo indic√≥Belarra durante una intervenci√≥n desde Zaragoza, donde se√±al√≥ que ""la guerra, el rearme, el aumento del gasto militar va a volver a ser la excusa para recortes en nuestros servicios p√∫blicos"", pero Podemos ""se tiene que plantar y decir alto y claro que nuestro pa√≠s es el pa√≠s del no a la guerra y que eso no es una pu√±etera pancarta"".', 'La fecha del art√≠culo es: 13/03/2025 Fuentes de ambos partidos evitan hablar de ruptura, pero en la c√∫pula de Belarra admiten que ""se van acumulando elementos"" y que ""parece que nuestros caminos se van separando"".', 'La fecha del art√≠culo es: 15/03/2025 El rechazo a pasar por el Parlamento, la ausencia deliberada de un plan de Defensa fiscalizable, la confusi√≥n con la Seguridad, apuntarse a fabricar chips en lugar de misiles... Todo en S√°nchez transmite incomodidad.', 'La fecha del art√≠culo es: 15/03/2025 Las fuerzas de Estado dejando fuera a los extremos.', 'La fecha del art√≠culo es: 13/03/2025 El 11 de marzo, el actual gobierno sufri√≥ una moci√≥n de censura que oblig√≥ al primer ministro Lu√≠s Montenegro a dimitir y allan√≥ el camino para la celebraci√≥n de elecciones anticipadas.', 'La fecha del art√≠culo es: 13/03/2025 La obligaci√≥n del Gobierno deaumentar el gasto en Defensaha llevado la relaci√≥n al l√≠mite, en un camino ya de por s√≠ pedregoso, pero donde los cuatro diputados de Podemos son clave para sacar adelante cualquiera iniciativa.', 'La fecha del art√≠culo es: 15/03/2025 Y por √∫ltimo est√° el PSOE, malabarista con un pie en las pol√≠ticas de Estado y otro en elmamporrerismo, y con su particular historia con la Defensa.']
","['Los de Belarra advierten que su camino ""se va separando"" del camino del Gobierno Hay una an√©cdota que resume la dificultad que siempre han tenido para entendersePSOEyPodemos.','Fuentes de ambos partidos evitan hablar de ruptura, pero en la c√∫pula de Belarra admiten que ""se van acumulando elementos"" y que ""parece que nuestros caminos se van separando""']",0.8,0.8,0.85,S√≠,0.8,0.8,0.8,"S√≠

Esta evaluaci√≥n se basa en que la respuesta incluye elementos clave mencionados en el contexto:

1. La acumulaci√≥n de elementos que separan los caminos del PSOE y Podemos.
2. El uso del aumento militar como excusa para recortes sociales, seg√∫n Belarra.
3. Diferencias ideol√≥gicas sobre defensa nuclear entre ambos partidos.

Estos puntos coinciden con la informaci√≥n proporcionada en el contexto, por lo que la respuesta es fiel a √©l.",1.0,0.6102507549626874
¬øQue pretende hacer el gobierno Vasco con la industria armamentistica?,"El Gobierno vasco pretende reforzar su apoyo a la industria armament√≠stica para contribuir al rearme y aumentar las inversiones en defensa, argumentando que Euskadi es una naci√≥n europea que necesita garantizar la seguridad del continente.","El Gobierno vasco pretende reforzar su apoyo a la industria armament√≠stica argumentando que Euskadi debe contribuir a la defensa de Europa. Para ello, aportar√° 1.000 millones de euros para activar una Alianza Financiera vasca de impulso a la industria, abierta a las industrias del sector de Defensa, con el objetivo de la reindustrializaci√≥n. El PNV tambi√©n aboga por impulsar este sector estrat√©gico para la protecci√≥n de Europa.","['La fecha del art√≠culo es: 12/03/2025 El Gobierno vasco pretende reforzar su apoyo a la industria armamentistica con el argumento de que Euskadi es una ""naci√≥n"" europea que debe contribuir ""a la defensa de Europa"".', 'La fecha del art√≠culo es: 12/03/2025 Jauregi ha insistido -como repite durante estos d√≠as en Estados Unidos el lehendakari Pradales- en las ""oportunidades"" para el conjunto de la industria vasca pero especialmente en nuevos sectores industriales.', 'La fecha del art√≠culo es: 10/03/2025 ¬´Se trata de financiar compras a productores europeos para darle a la industria la predecibilidad que necesita¬ª, dijo, antes de apostar por ¬´licitaciones p√∫blicas conjuntas¬ª, por su ¬´poder¬ª como herramientas comunitarias que aceleran el rearme y bajan los precios del suministro militar.', 'La fecha del art√≠culo es: 16/03/2025 El Gobierno libra la batalla de concienciar a la sociedad y aplacar a sus socios sobre la obligaci√≥n de acelerar y aumentar el gasto militar En la pol√≠tica el arma es la palabra generalmente, pero sucede que, a veces, hay fuego cruzado, fuego amigo, mensajes para atacar al enemigo, estrategias para da√±ar al rival...', 'La fecha del art√≠culo es: 16/03/2025 Y apelaba a un esfuerzo comunitario en aras de impulsar la industria europea de Defensa, que es la posici√≥n que propugna el presidente del Gobierno, que vende el aumento del gasto como una oportunidad para lasstart upsy las pymes, de la mano de las grandes empresas.', 'La fecha del art√≠culo es: 16/03/2025 El resultado: el Gobierno tratar√° de cumplir con los compromisos de Espa√±a sin pasar por el Congreso, reorganizando partidas presupuestarias y tirando de mecanismos como el Fondo de Contingencia.', 'La fecha del art√≠culo es: 10/03/2025 No s√≥lo para taponar el butr√≥n de suministro que ha abierto EEUUen Ucrania, sino para garantizar al fin ¬´la seguridad del continente en su conjunto¬ª.', 'La fecha del art√≠culo es: 12/03/2025 Mientras el presidentePedro S√°nchezconsens√∫a con el resto de fuerzas parlamentarias c√≥mo reforzar las inversiones en Defensa, el PNV aboga por impulsar este sector estrat√©gico con el argumento de que Euskadi es una ""naci√≥n"" europea que debe asegurar la protecci√≥n de Europa.']
","['El Gobierno vasco pretende reforzar su apoyo a la industria armamentistica con el argumento de que Euskadi es una ""naci√≥n"" europea que debe contribuir ""a la defensa de Europa"".','La ""operaci√≥n Talgo"" -a√∫n pendiente de cerrar por el equipo de Jainaga con el fondo Trilantic- ha relanzado la pol√≠tica industrial del Gobierno vasco que en la √∫ltima d√©cada hab√≠a perdido la influencia de proyectos como Euskaltel o Gamesa, entre otros.']",0.8,0.85,0.9,S√≠,0.8,0.85,0.9,"S√≠

La respuesta proporcionada es fiel al contexto dado. Menciona correctamente que el Gobierno vasco pretende reforzar su apoyo a la industria armament√≠stica, argumentando que Euskadi es una ""naci√≥n"" europea con la responsabilidad de contribuir a la defensa de Europa. La respuesta captura la intenci√≥n del texto original sin a√±adir o omitir informaci√≥n crucial.",0.5,0.9241884801664235
¬øQue previsi√≥n hay sobre las pensiones dada la fluctuaci√≥n de la inflaci√≥n?,"El BdE prev√© que el coste de las subidas en las pensiones alcanzar√° aproximadamente los 6.500 millones de euros para 2026 si el IPC se sit√∫a alrededor del 2,5% medio, debido a la revalorizaci√≥n basada en la f√≥rmula fijada y considerando cada d√©cima de inflaci√≥n equivale a unos 2.600 millones de gasto.","La previsi√≥n del Banco de Espa√±a sit√∫a la inflaci√≥n en el 2,5% para 2025, lo que impactar√° directamente en la factura de las pensiones ligadas al IPC. Si esta previsi√≥n se cumple, la subida de las pensiones en 2026 costar√° alrededor de 6.500 millones de euros, ya que cada d√©cima de inflaci√≥n supone unos 2.600 millones de gasto. Este aumento del gasto en pensiones provocar√° una mayor desviaci√≥n del gasto computable en t√©rminos de las reglas fiscales europeas","['La fecha del art√≠culo es: 11/03/2025 En concreto, el BdE ha elevado la desviaci√≥n prevista en 8 d√©cimas para 2025 (al 4,5%) y en 6 d√©cimas para 2026 y 2027, respectivamente (hasta el 4,1% y el 3,8%), tras incorporar el impacto conjunto del aumento del gasto en pensiones derivado de la revisi√≥n al alza de la inflaci√≥n en 2025 y de otras medidas como la extensi√≥n de lasubvenci√≥n al transporte p√∫blicoy el decaimiento delimpuesto a empresas energ√©ticas, que no se contemplaban en las previsiones de diciembre.', 'La fecha del art√≠culo es: 11/03/2025 A preguntas de EL MUNDO, el director general de Econom√≠a del Banco de Espa√±a, √Ångel Gavil√°n, ratific√≥ ayer en la rueda de prensa de presentaci√≥n de las proyecciones que, efectivamente, la mayor inflaci√≥n ""afecta al gasto en pensiones"", si bien enmarc√≥ las previsiones de evoluci√≥n del IPC en un escenario de ""volatilidad"" de los precios energ√©ticos y pidi√≥ ""cautela"" respecto a la interpretaci√≥n de la fuerte revisi√≥n al alza de este indicador.', 'La fecha del art√≠culo es: 11/03/2025 Aunque habr√° que esperar a finales de a√±o para conocer la inflaci√≥n anual acumulada en noviembre, en base a la f√≥rmula fijada para la revalorizaci√≥n de las pensiones, si la previsi√≥n del BdE se cumple y el IPC se sit√∫a en el entorno del 2,5% de media en 2025, el coste de la subida de 2026 rondar√° los6.500 millones de euros,teniendo en cuenta que cada d√©cima de inflaci√≥n supone unos 2.600 millones de gasto, seg√∫n los c√°lculos que maneja el Gobierno.', 'La fecha del art√≠culo es: 11/03/2025 Con todo, el informe elaborado por el equipo que trabaja en el BdE a las √≥rdenes de quien fuera ministro de Seguridad Social,Jos√© Luis Escriv√°, deja constancia de que la revisi√≥n al alza de la inflaci√≥n provocar√° ""un aumento m√°s intenso del gasto en pensiones en 2026"".', 'La fecha del art√≠culo es: 11/03/2025 M√°s all√° del encarecimiento de determinados productos y servicios, que confirmar√≠a las se√±ales de estancamiento en el proceso de desinflaci√≥n a nivel global, en nuestro pa√≠s impactar√° directamente en la factura de las pensiones, ligadas por ley al IPC, lo que tensionar√° a√∫n m√°s las cuentas de la Seguridad Socialen plena avalancha de jubilaciones de la generaci√≥n delbaby boom.', 'La fecha del art√≠culo es: 11/03/2025 Esto se debe, en gran medida, al envejecimiento de la poblaci√≥n y a un sistema dif√≠cil de  sostener para pagar las pensiones.', 'La fecha del art√≠culo es: 11/03/2025 La mayor parte del presupuesto se destina a pensiones y deuda p√∫blica.', 'La fecha del art√≠culo es: 11/03/2025 La pol√≠tica depensionesabsorbe la mayor parte del gasto p√∫blico, con un 15,51 % del presupuesto.']
","['la inflaci√≥n provocar√° ""un aumento m√°s intenso del gasto en pensiones en 2026"".','Aunque habr√° que esperar a finales de a√±o para conocer la inflaci√≥n anual acumulada en noviembre, en base a la f√≥rmula fijada para la revalorizaci√≥n de las pensiones, si la previsi√≥n del BdE se cumple y el IPC se sit√∫a en el entorno del 2,5% de media en 2025, el coste de la subida de 2026 rondar√° los6.500 millones de euros,teniendo en cuenta que cada d√©cima de inflaci√≥n supone unos 2.600 millones de gasto, seg√∫n los c√°lculos que maneja el Gobierno.','En concreto, el BdE ha elevado la desviaci√≥n prevista en 8 d√©cimas para 2025 (al 4,5%) y en 6 d√©cimas para 2026 y 2027, respectivamente (hasta el 4,1% y el 3,8%)','El fuerte incremento de la factura de las pensiones no es balad√≠, especialmente en un momento en el que se est√° debatiendo, especialmente dentro del propio Gobierno, sobre la necesidad de aumentar el gasto en defensa para responder a las exigencias del complejo escenario geopol√≠tico internacional.']",0.9,0.9,0.9,S√≠,0.8,0.8,0.9,"S√≠

La respuesta proporcionada es completamente fiel al contexto dado. La informaci√≥n sobre el coste de las subidas en las pensiones para 2026, basado en una inflaci√≥n del IPC cercano al 2,5% medio, y la estimaci√≥n de que cada d√©cima de inflaci√≥n equivale a aproximadamente 2.600 millones de euros en gasto es exactamente lo expuesto en el contexto proporcionado.",0.75,0.7993652874917564
¬øQue p√°pel quiere tomar el presidente del gobierno en cuanto a Defensa en la Uni√≥n Europea?,"El presidente del Gobierno desea jugar un papel importante en la nueva pol√≠tica de Defensa de la UE, organiz√°ndola despu√©s del rompimiento del v√≠nculo atl√°ntico por Trump. Se apela tambi√©n al esfuerzo comunitario para impulsar la industria europea de defensa y se propone aumentar el gasto militar como una oportunidad para las empresas emergentes. Adem√°s, busca cumplir los compromisos con la Alianza Atl√°ntica mientras promueve soberan√≠a europea en materia defensiva.","El presidente del Gobierno, Pedro S√°nchez, quiere jugar un papel importante en la nueva Uni√≥n Europea en materia de Defensa, tras la ruptura del v√≠nculo atl√°ntico por parte de Trump. Se ha comprometido a un considerable aumento del gasto militar para que Espa√±a tenga una intervenci√≥n decisiva en la UE y sea una potencia. S√°nchez, como l√≠der de la socialdemocracia europea, est√° en disposici√≥n de jugar un papel muy importante en la reconfiguraci√≥n de la UE.","['La fecha del art√≠culo es: 07/03/2025 El presidente del Gobierno quiere jugar un papel importante en la nueva Uni√≥n Europea, obligada a organizar su propia pol√≠tica de Defensa despu√©s de que Trump haya roto el v√≠nculo atl√°ntico de la OTAN La convulsi√≥n del orden mundial con la llegada deTrumpy su decisi√≥n in√©dita de romper el v√≠nculo atl√°ntico UE-EEUU deja un escenario in√©dito en Europa, obligada a improvisar decisiones trascendentales para una desarrollar una pol√≠tica de Defensa almargen del aliado americano.', 'La fecha del art√≠culo es: 16/03/2025 Y apelaba a un esfuerzo comunitario en aras de impulsar la industria europea de Defensa, que es la posici√≥n que propugna el presidente del Gobierno, que vende el aumento del gasto como una oportunidad para lasstart upsy las pymes, de la mano de las grandes empresas.', 'La fecha del art√≠culo es: 10/03/2025 Europa est√° llamada a hacerse cargo en mayor medida de su propia defensa.', 'La fecha del art√≠culo es: 12/03/2025 Mientras el presidentePedro S√°nchezconsens√∫a con el resto de fuerzas parlamentarias c√≥mo reforzar las inversiones en Defensa, el PNV aboga por impulsar este sector estrat√©gico con el argumento de que Euskadi es una ""naci√≥n"" europea que debe asegurar la protecci√≥n de Europa.', 'La fecha del art√≠culo es: 09/03/2025 Los presidentes de laComisi√≥n Europeay elConsejo Europeoredoblar√°n su apuesta por un refuerzo del gasto en defensa para apoyar a Kiev, pocos d√≠as despu√©s del anuncio de la suspensi√≥n de la ayuda militar estadounidense al pa√≠s invadido por Rusia.', 'La fecha del art√≠culo es: 10/03/2025 Seg√∫n el comunicado, Sumar aboga por ""avanzar en soberan√≠a europea para ir superando la dependencia en esta materia de la OTAN y de EEUU y de su complejo militar e industrial"".', 'La fecha del art√≠culo es: 16/03/2025 El presidente ha dado prioridad a los socios que le mantienen en el poder, y que rechazan el rearme, antes que alcanzar un acuerdo con la oposici√≥n que permitir√≠a abordar este tema de forma seria, pero que seguramente dar√≠a la puntilla a la legislatura.', 'La fecha del art√≠culo es: 16/03/2025 ¬´Es necesario llevar a cabo una pedagog√≠a sobre la necesidad de desarrollar de forma integrada el pilar de la defensa europea, especialmente en algunos pa√≠ses europeos, entre ellos Espa√±a, y, sobre todo, desde las posturas socialdem√≥cratas¬ª, recoge elthink thankque presideManuel Escudero.']
","['El presidente del Gobierno quiere jugar un papel importante en la nueva Uni√≥n Europea','un escenario in√©dito en Europa, obligada a improvisar decisiones trascendentales para una desarrollar una pol√≠tica de Defensa almargen del aliado americano.']",0.8,0.95,0.9,S√≠,0.8,0.85,0.8,"S√≠

La respuesta proporcionada es fiel al contexto dado, ya que:

1. Menciona que el presidente del Gobierno desea jugar un papel importante en la nueva pol√≠tica de Defensa de la UE.
2. Refiere a los cambios causados por Trump y su rompimiento con EE.UU.
3. Habla sobre el apelo al esfuerzo comunitario para impulsar la industria europea de defensa.
4. Menciona que se propone aumentar el gasto militar como una oportunidad para las empresas emergentes (start upsy las pymes).
5. Se refiere a la necesidad de cumplir con los compromisos de la Alianza Atl√°ntica mientras promueve soberan√≠a europea en materia defensiva.

Todos estos puntos est√°n respaldados por la informaci√≥n proporcionada en el contexto, por lo que la respuesta es precisa y coherente con el contenido dado.",1.0,0.7465192815434042
Dame informaci√≥n sobre el submarino S-81 Isaac Peral,"El S-81 'Isaac Peral' es un primer submarino de clase S-80, dise√±ado para fortalecer las capacidades defensivas submarinas de Espa√±a; lleg√≥ a Pontevedra en marzo de 2025 y est√° listo para entrar en alta disponibilidad. La bandera del combate fue donada por el Ayuntamiento de Cartagena.","El submarino S-81 Isaac Peral es un submarino de √∫ltima generaci√≥n de la Armada espa√±ola, el primero de la clase S-80, construido en Espa√±a con tecnolog√≠a avanzada. Espa√±a se encuentra entre los diez pa√≠ses con capacidad para dise√±ar y construir submarinos. Este submarino est√° equipado con modernos sistemas de control, capacidad de lanzar misiles y torpedos, y se espera que entre en plena operatividad pronto.","['La fecha del art√≠culo es: 13/02/2025 El S81 Isaac Peral es el primer submarino de la clase S80 con el que cuenta la Armada.', ""La fecha del art√≠culo es: 12/03/2025 El submarino'Isaac Peral'(S-81), primera unidad de la serie S-80 de la Armada Espa√±ola, ha llegado este jueves a laEscuela Naval Militar de Mar√≠n, en Pontevedra, causando gran expectaci√≥n entre las autoridades y el p√∫blico presente."", 'La fecha del art√≠culo es: 20/02/2025 El submarino S-81 Isaac Peral de la Armada espa√±ola, en plena navegaci√≥nMinisterio de Defensa  21/02/2025Actualizada  04:30 El submarino S-81 Isaac Peral de la Armada espa√±ola, el primero de la nueva clase S-80, est√° listo para entrar en ¬´alta disponibilidad¬ª, seg√∫n ha informado el Ministerio de Defensa.', 'La fecha del art√≠culo es: 12/03/2025 El Isaac Peral es el primer submarino de la clase S-80, dise√±ado para reforzar las capacidades de defensa submarina de Espa√±a.', 'La fecha del art√≠culo es: 13/02/2025 Submarino S81 Isaac Peral de la Armada espa√±ola.', 'La fecha del art√≠culo es: 18/03/2025 El submarino S-81 Isaac Peral ha comenzado su primera navegaci√≥n nacional desde el Arsenal de CartagenaEFE  Seg√∫n ha informado laArmada espa√±olaeste adiestramiento pondr√° a prueba la capacidad para ejercer el mando y control de una fuerza naval en un entorno demedia/alta intensidad, proyectando el poder naval m√°s all√° de las costas espa√±olas y asegurando el control del mar.', ""La fecha del art√≠culo es: 25/01/2025 A finales del pasado mes de agosto se inform√≥ de que la Armada ha aceptado que laBandera de Combate del submarino S-81 'Isaac Peral'sea elaborada y donada por el Ayuntamiento de Cartagena, seg√∫n indic√≥ el Almirante Jefe del Estado Mayor de la Armada,Antonio S√°nchez Pi√±eiro, en respuesta al escrito de ofrecimiento realizado por la alcaldesa, Noelia Arroyo, en nombre de los cartageneros."", 'La fecha del art√≠culo es: 13/02/2025 La Secci√≥n 3 del submarino S81 Isaac Peral de la Armada est√° destinada al AIP.']
","['Escalera de subida desde el interior del submarino S81 Isaac Peral a la escotilla.','El submarino S-81 Isaac Peral de la Armada espa√±ola, el primero de la nueva clase S-80, est√° listo para entrar en ¬´alta disponibilidad¬ª','Como esta unidad no lo lleva todav√≠a (no se montar√° de serie hasta el S83), lleva unos pesos en los laterales para compensar la ausencia de ese sistema y que no afecte a la estabilidad del submarino.']",0.8,0.95,0.9,S√≠,0.8,0.8,0.8,"S√≠

La respuesta proporcionada es fiel al contexto dado, mencionando correctamente:

1. Que S-81 Isaac Peral es el primer submarino de clase S-80.
2. Su prop√≥sito de fortalecer las capacidades defensivas submarinas de Espa√±a.
3. Su llegada a Pontevedra en marzo de 2025.
4. Que est√° listo para entrar en alta disponibilidad.
5. La donaci√≥n de la Bandera de Combate por el Ayuntamiento de Cartagena.

Todos estos elementos son consistentes con la informaci√≥n proporcionada en los diferentes art√≠culos del contexto, por lo que la respuesta es correcta y fiable.",0.3333333333333333,0.8253908431467887
¬øQu√© ha anunciado Suecia con respecto a sus planes de enviar recursos a Ucrania?,"Suecia planea enviar otros 18 sistemas avanzados Archer y cinco sistemas de radar ARTHUR para reforzar las capacidades defensivas de Ucrania en el conflicto con Rusia, aumentando su ayuda militar sustancial.",Suecia ha anunciado sus planes de enviar 18 avanzados sistemas de artiller√≠a Archer y cinco sistemas de radar contra-bater√≠a ARTHUR a Ucrania. Esta decisi√≥n marca una escalada significativa en la ayuda militar sueca a Kiev en medio del conflicto con Rusia. Se espera que las entregas comiencen en 2026 para los Archer y en 2025 para los radares.,"['La fecha del art√≠culo es: 13/03/2025 Suecia ha anunciado sus planes de enviar otros 18 sistemas avanzados de artiller√≠a Archer a Ucrania, junto con cinco sistemas de radar contra-bater√≠a ARTHUR, como parte de su apoyo continuado a Kiev en medio del conflicto con Rusia.', 'La fecha del art√≠culo es: 31/03/2025 Suecia ha anunciado su paquete de ayuda militar m√°s sustancial a Ucrania desde que comenz√≥ la invasi√≥n a gran escala de Rusia en 2022, prometiendo 1.600 millones de euros para reforzar las capacidades de defensa de Kiev.', 'La fecha del art√≠culo es: 13/03/2025 Esta decisi√≥n, anunciada en el d√≠a de hoy, marca una escalada significativa en la ayuda militar de Suecia a Ucrania, destinada a reforzar la capacidad del pa√≠s para contrarrestar el fuego de artiller√≠a ruso.', 'La fecha del art√≠culo es: 13/03/2025 La decisi√≥n de Suecia de proporcionar esta ayuda refleja una tendencia m√°s amplia de apoyo occidental a Ucrania, aunque viene acompa√±ada de consideraciones internas.', 'La fecha del art√≠culo es: 13/03/2025 La decisi√≥n de enviar estos ocho primeros obuses se tom√≥ tras meses de deliberaciones en Estocolmo, en las que el ministro de Defensa sueco, P√•l Jonson, destac√≥ su importancia para la movilidad y precisi√≥n de Ucrania en el campo de batalla.', 'La fecha del art√≠culo es: 31/03/2025 La decisi√≥n de Suecia refleja no solo su creciente alineamiento con la OTAN ‚Äîtras su ingreso formal en la alianza en marzo de 2024‚Äî, sino tambi√©n su determinaci√≥n de desempe√±ar un papel fundamental en el apoyo a Ucrania contra la agresi√≥n de Mosc√∫.', 'La fecha del art√≠culo es: 13/03/2025 La medida subraya el compromiso de Suecia de mejorar las capacidades defensivas de Ucrania en una guerra que se ha prolongado hasta su tercer a√±o, destacando un esfuerzo internacional m√°s amplio para proporcionar a Kiev armamento sofisticado.', 'La fecha del art√≠culo es: 13/03/2025 La donaci√≥n de 18 m√°s a Ucrania dejar√° a Suecia con 24 en servicio activo, un equilibrio que, seg√∫n los oficiales, mantiene la seguridad nacional al tiempo que ayuda a un aliado.']
","['Esta decisi√≥n, anunciada en el d√≠a de hoy, marca una escalada significativa en la ayuda militar de Suecia a Ucrania','La decisi√≥n de Suecia de proporcionar esta ayuda refleja una tendencia m√°s amplia de apoyo occidental a Ucrania','La donaci√≥n de 18 m√°s a Ucrania dejar√° a Suecia con 24 en servicio activo, un equilibrio que, seg√∫n los oficiales, mantiene la seguridad nacional al tiempo que ayuda a un aliado.']",0.9,0.9,0.95,S√≠,0.9,0.85,0.9,"S√≠

La respuesta es fiel al contexto proporcionado, mencionando correctamente que Suecia planea enviar otros 18 sistemas avanzados Archer y cinco sistemas de radar ARTHUR para reforzar las capacidades defensivas de Ucrania en el conflicto con Rusia.",1.0,0.9338164295283993
Que grupos contribuyen a la aparici√≥n de una ciberguerra por parte de Rusia,"Tres agencias de inteligencia rusas son responsables de los grupos cibern√©ticos conocidos que contribuyen al fen√≥meno de la ciberguerra rusa: el Servicio Federal de Seguridad (FSB), el Servicio de Inteligencia Exterior (SVR) y la Direcci√≥n General del Estado Mayor de las Fuerzas Armadas (GRU).","El Centro Criptol√≥gico Nacional (CCN-CERT) se√±ala una creciente hostilidad en el ciberespacio por parte de grupos prorrusos. Se han detectado grupos como Sandworm (Unidad 74455 del GRU), APT28 (Fancy Bear, Unidad 26165 del GRU), Gamaredon (unidad 64829 del FSB), APT29 (asociado al SVR ruso) y Turla (asociado al FSB ruso) involucrados en ciberguerra. Estos grupos han llevado a cabo acciones que van desde ciberataques destructivos y espionaje hasta operaciones de influencia contra Ucrania.","['La fecha del art√≠culo es: 12/11/2023 Ciberataque, foto de archivoAFP  Este grupo, asociado al Servicio Federal de Seguridad (FSB) ruso, es considerado como uno de los m√°s sofisticados.', 'La fecha del art√≠culo es: 12/11/2023 El Centro Criptol√≥gico Nacional se√±ala siete grupos de ciberguerra rusos operan contra UcraniaKindel√°n  Madrid13/11/2023Actualizada  12:02 ElCentro Criptol√≥gico Nacional (CCN-CERT)ha elaborado un extenso y detallado informe denominado¬´Ciberamenzas y tendencias¬ª, que en su edici√≥n de 2023 efect√∫a un profundo an√°lisis de las ciberamenazas nacionales e internacionales, marcadas en gran medida por la guerra enUcraniaa ra√≠z de la invasi√≥n por parte deRusia.', 'La fecha del art√≠culo es: 22/12/2024 Los grupos cibern√©ticos estatales rusos m√°s conocidos pertenecen a tres agencias de inteligencia rusasKindel√°n  Madrid23/12/2024Actualizada  04:30 La Federaci√≥n de Rusia es uno de los ¬´actores¬ª cibern√©ticos m√°s prol√≠ficos del mundo y dedica importantes recursos a la realizaci√≥n de operaciones cibern√©ticasa escala global.', 'La fecha del art√≠culo es: 22/12/2024 As√≠ consta en el √∫ltimo informe de ¬´Ciberamenazas y Tendencias 2024¬ª, delCentro Criptol√≥gico Nacional, que apunta a Espa√±a como uno de los pa√≠ses m√°s afectados por los ciberataques rusos debido a su apoyo a Ucrania.', 'La fecha del art√≠culo es: 12/11/2023 Asimismo, apunta a que la citada invasi√≥n rusa ¬´ha tenido un profundo impacto en las operaciones del ciberespacio, no solo por las campa√±as involucradas directamente en el conflicto, sino tambi√©n por la utilizaci√≥n de la tem√°tica en numerosas campa√±as de phishing¬ª.', 'La fecha del art√≠culo es: 12/11/2023 Todo apunta, seg√∫n el CCN, a que se trata de launidad dedicada al ciberespaciocomo dominio de las operaciones combinadas rusas.', 'La fecha del art√≠culo es: 22/12/2024 De acuerdo con investigaciones llevadas a cabo por organismos gubernamentales y entidades privadas, ¬´los actores cibern√©ticos estatales rusos m√°s conocidos pertenecen a tres agencias de inteligencia rusas¬ª: elServicio Federal de Seguridad de la Federaci√≥n Rusa(FSB), elServicio de Inteligencia Exterior de la Federaci√≥n Rusa(SVR) y laDirecci√≥n General del Estado Mayor de las Fuerzas Armadas de la Federaci√≥n Rusa(GRU).', 'La fecha del art√≠culo es: 22/12/2024 Sectores v√≠ctima de ¬´actores¬ª estatales rusos.']
","['El Centro Criptol√≥gico Nacional se√±ala siete grupos de ciberguerra rusos operan contra UcraniaKindel√°n','En este sentido, el informe rese√±a una ¬´creciente hostilidaden el campo del ciberespacio por parte degrupos prorrusos¬ª','Asimismo, apunta a que la citada invasi√≥n rusa ¬´ha tenido un profundo impacto en las operaciones del ciberespacio, no solo por las campa√±as involucradas directamente en el conflicto, sino tambi√©n por la utilizaci√≥n de la tem√°tica en numerosas campa√±as de phishing¬ª.']",0.9,0.9,0.95,S√≠,0.8,0.8,0.8,"S√≠

La respuesta es fiel al contexto proporcionado, ya que menciona correctamente las tres agencias de inteligencia rusas involucradas en los grupos cibern√©ticos conocidos: el Servicio Federal de Seguridad (FSB), el Servicio de Inteligencia Exterior (SVR) y la Direcci√≥n General del Estado Mayor de las Fuerzas Armadas (GRU).",0.6666666666666666,0.6254440827882909
Que es ElEscuadr√≥n de Zapadores Paracaidistas (EZAPAC),"ElEscuadr√≥n de Zapadores Paracaidistas (EZAPAC) es una unidad de √©lite del Ej√©rcito del Aire y el Espacio, especializada en operaciones especiales, paracaidismo t√°ctico, rescate a√©reo e inserciones.","El Escuadr√≥n de Zapadores Paracaidistas (EZAPAC) es la unidad de √©lite por excelencia del Ej√©rcito del Aire y del Espacio, certificada por la OTAN para misiones de m√°xima dificultad. Ubicada en la base a√©rea de Alcantarilla (Murcia), est√° adiestrada para misiones de alto riesgo y recientemente ha incorporado el micro-UAV Black Hornet 3 para inteligencia. Su curso de ingreso es uno de los m√°s exigentes de las Fuerzas Armadas.","['La fecha del art√≠culo es: 21/02/2025 ElEscuadr√≥n de Zapadores Paracidistas(EZAPAC) es la unidad de √©lite por excelencia del Ej√©rcito del Aire y el Espacio.', 'La fecha del art√≠culo es: 11/03/2025 Escuadr√≥n de Zapadores Paracaidistas (EZAPAC) ha liderado el ejercicio SAO C del Ej√©rcito del Aire y del EspacioEjercito del Aire y del Espacio  12/03/2025Actualizada  04:30 ElEscuadr√≥n de Zapadores Paracaidistas (EZAPAC)ha concluido con √©xito elejercicio SAO C, un intenso programa de entrenamiento paracaidista t√°ctico que se desarroll√≥ del 10 al 28 de febrero, seg√∫n ha informado elEj√©rcito del Aire y del Espacio.', 'La fecha del art√≠culo es: 31/01/2025 Una de las unidades m√°s recientes en experimentarlos e incorporarlos ha sido elEscuadr√≥n de Zapadores Paracaidistas (EZAPAC)del Ej√©rcito del Aire y del Espacio, la unidad de operaciones especiales de esta instituci√≥n.', 'La fecha del art√≠culo es: 21/02/2025 Prueba de adaptaci√≥n al medio acu√°tico de aspirantes a boinas verdes del Ej√©rcito del Aire y del EspacioEj√©rcito del Aire y del Espacio  22/02/2025Actualizada  04:30 Marchas forzadas con cargas pesadas; fase de adaptaci√≥n al medio acu√°tico; saltos en paraca√≠das; pr√°cticas de desarrollo del combatiente, incluidas maniobras nocturnas; exigentes ejercicios de tiro... son solo algunas de las dur√≠simas pruebas que conlleva el riguroso proceso de selecci√≥n y formaci√≥n delEscuadr√≥n de Zapadores Paracaidistas(EZAPAC),unidad de √©litedel Ej√©rcito del Aire y del Espacio.', 'La fecha del art√≠culo es: 11/03/2025 El EZAPAC ha liderado el entrenamiento t√°ctico paracaidista de unidades de Operaciones EspecialesEj√©rcito del Aire y del Espacio  El Ej√©rcito del Aire ha subrayado que el ejercicio SAO C ha reforzado la preparaci√≥n operativa de las unidades participantes, ¬´consolidando al EZAPAC como una de las unidades de √©lite m√°s capacitadas a nivel nacional e internacional en el uso del paracaidismo como m√©todo deinserci√≥nen escenarios de alta exigencia¬ª.', 'La fecha del art√≠culo es: 11/03/2025 El EZAPAC tambi√©n realiz√≥ un entrenamiento especializado para sus para-rescatadores (PJ), conlanzamientos al aguajunto con embarcaciones, simulando misiones derescate de pilotosen caso de eyecci√≥n o emergencia en alta mar.', 'La fecha del art√≠culo es: 31/01/2025 La EZAPAC es una unidad de √©lite del Ej√©rcito del Aire localizada en labase a√©rea de Alcantarilla(Murcia) y adiestrada para las misiones m√°s arriesgadas comogolpes de mano,neutralizaci√≥n de objetivos,rescate de pilotos en territorio hostil,ataques a√©reos a tierra, y combate en √°reas densamente pobladas.', 'La fecha del art√≠culo es: 11/10/2024 Veh√≠culo del 2¬∫ Grupo de Artiller√≠a de Campa√±a (GACAPAC) del Batall√≥n de Zapadores VI de Paracaidistas (BRIPAC).']
","['ElEscuadr√≥n de Zapadores Paracidistas(EZAPAC) es la unidad de √©lite por excelencia del Ej√©rcito del Aire y el Espacio.','Marchas forzadas con cargas pesadas; fase de adaptaci√≥n al medio acu√°tico; saltos en paraca√≠das; pr√°cticas de desarrollo del combatiente, incluidas maniobras nocturnas; exigentes ejercicios de tiro... son solo algunas de las dur√≠simas pruebas que conlleva el riguroso proceso de selecci√≥n y formaci√≥n delEscuadr√≥n de Zapadores Paracaidistas(EZAPAC)']",0.95,0.95,0.9,S√≠,0.8,0.85,0.9,"S√≠

La respuesta proporcionada se ajusta correctamente al contexto dado, mencionando que el EZAPAC es una unidad de √©lite del Ej√©rcito del Aire y el Espacio, especializada en operaciones especiales, paracaidismo t√°ctico, rescate a√©reo e inserciones. Todos estos aspectos son consistentes con la informaci√≥n proporcionada en los diferentes art√≠culos.",1.0,0.8727595261642008
¬øQu√© es el Q-SLAM-40?,"El Q-SLAM-40 es un sistema dron merodeador desarrollado por una empresa espa√±ola, ArquimeaKindel√°n. Es operable incluso sin GPS y puede volarse con control manual.","El Q-SLAM-40 es un sistema dron merodeador desarrollado por la empresa espa√±ola Arquimea. Est√° dise√±ado para operaciones de corto alcance de protecci√≥n, vigilancia, reconocimiento o evaluaci√≥n de da√±os. Una de sus ventajas es la rapidez de su despliegue y su dif√≠cil detecci√≥n debido a su peque√±o tama√±o y silencioso motor.","['La fecha del art√≠culo es: 02/01/2025 Q-SLAM-40 es un sistema dron merodeador desarrollado por una empresa espa√±ola, ArquimeaKindel√°n  Fuerzas Armadas 03/01/2025Actualizada  04:30 Q-SLAM-40es un sistemadron merodeadordesarrollado por una empresa espa√±ola, Arquimea.', 'La fecha del art√≠culo es: 02/01/2025 As√≠ es Q-SLAM-40, el dron merodeador que fabrica Espa√±aKindel√°n  Una de sus ventajas es larapidez de su despliegue.', 'La fecha del art√≠culo es: 02/01/2025 Armada espa√±ola Adolfo Garrido Q-SLAM-40 es operable en un entornosin GPSen modo de vuelo pilotado.', 'La fecha del art√≠culo es: 12/01/2025 De un solo uso y el m√°s ligero del mercado, el C-90 es un desarrollo propio presentado en 1983 para destruir carros de combate y objetivos reforzados (bunkers, etc.) que se ha mantenido actualizado por la constante inversi√≥n en I+D de la empresa.', 'La fecha del art√≠culo es: 10/01/2025 Encu√©ntranos en:', 'La fecha del art√≠culo es: 05/01/2025 Encu√©ntranos en:', 'La fecha del art√≠culo es: 28/01/2025 Encu√©ntranos en:', 'La fecha del art√≠culo es: 22/01/2025 Encu√©ntranos en:']
","['Q-SLAM-40 es un sistema dron merodeador desarrollado por una empresa espa√±ola,','Q-SLAM-40 es operable en un entornosin GPSen modo de vuelo pilotado.']",0.95,0.9,0.9,S√≠,0.8,0.85,0.8,"S√≠

La respuesta proporcionada es fiel al contexto dado, ya que:

1. Se menciona correctamente que Q-SLAM-40 es un sistema dron merodeador desarrollado por ArquimeaKindel√°n.
2. Se indica correctamente que es operable sin GPS y puede volarse con control manual.

No hay ninguna imprecisi√≥n o informaci√≥n incorrecta en la respuesta dada bas√°ndose en el contexto proporcionado.",1.0,0.8945133708124813
